id,grupo_avaliacao,conjunto
P01,G01_respiratorio_suor,teste
P02,G01_respiratorio_suor,teste
P03,G03_toracico_irradiacao_tontura,treino
P04,G01_respiratorio_suor,teste
P05,G01_respiratorio_suor,teste
P06,G04_esforco_muscular_melhora,treino
P07,G05_lesoes_membros,treino
P08,G04_esforco_muscular_melhora,treino
P09,G02_bem_estar,teste
P10,G02_bem_estar,teste
P11,G03_toracico_irradiacao_tontura,treino
P12,G03_toracico_irradiacao_tontura,treino
P13,G01_respiratorio_suor,teste
P14,G01_respiratorio_suor,teste
P15,G03_toracico_irradiacao_tontura,treino
P16,G05_lesoes_membros,treino
P17,G04_esforco_muscular_melhora,treino
P18,G04_esforco_muscular_melhora,treino
P19,G04_esforco_muscular_melhora,treino
P20,G02_bem_estar,teste
P21,G01_respiratorio_suor,teste
P22,G03_toracico_irradiacao_tontura,treino
P23,G01_respiratorio_suor,teste
P24,G01_respiratorio_suor,teste
P25,G03_toracico_irradiacao_tontura,treino
P26,G05_lesoes_membros,treino
P27,G04_esforco_muscular_melhora,treino
P28,G04_esforco_muscular_melhora,treino
P29,G05_lesoes_membros,treino
P30,G02_bem_estar,teste
P31,G03_toracico_irradiacao_tontura,treino
P32,G01_respiratorio_suor,teste
P33,G06_costas_alerta,treino
P34,G05_lesoes_membros,treino
P35,G05_lesoes_membros,treino
P36,G04_esforco_muscular_melhora,treino
P37,G04_esforco_muscular_melhora,treino
P38,G05_lesoes_membros,treino
P39,G04_esforco_muscular_melhora,treino
P40,G02_bem_estar,teste
P41,G01_respiratorio_suor,teste
P42,G03_toracico_irradiacao_tontura,treino
P43,G06_costas_alerta,treino
P44,G05_lesoes_membros,treino
P45,G05_lesoes_membros,treino
P46,G04_esforco_muscular_melhora,treino
P47,G04_esforco_muscular_melhora,treino
P48,G04_esforco_muscular_melhora,treino
P49,G04_esforco_muscular_melhora,treino
P50,G02_bem_estar,teste
P51,G03_toracico_irradiacao_tontura,treino
P52,G01_respiratorio_suor,teste
P53,G06_costas_alerta,treino
P54,G05_lesoes_membros,treino
P55,G06_costas_alerta,treino
P56,G05_lesoes_membros,treino
P57,G04_esforco_muscular_melhora,treino
P58,G04_esforco_muscular_melhora,treino
P59,G05_lesoes_membros,treino
P60,G02_bem_estar,teste
