id,frase,situacao,origem_textual,referencias,justificativa_rotulo,familia_cenario,status_revisao,data_aprovacao
P01,sinto dor no peito e falta de ar,alto risco,"Exemplo literal do enunciado, já presente no CSV",E1;R1,E1; R1 contextualiza a combinação de sintomas.,toracico_respiratorio,aprovado pelo responsável pelo projeto,2026-09-22
P02,"Desde esta manhã, sinto pressão no tórax acompanhada de suor frio.",alto risco,Nova elaboração sintética com apoio de IA,R1,R1: combinação de desconforto torácico e suor frio.,toracico_suor,aprovado pelo responsável pelo projeto,2026-09-22
P03,A dor começou no peito e agora também sinto dor no braço esquerdo.,alto risco,Nova elaboração sintética com apoio de IA,R1,R1: cenário que explicita a extensão da dor para o braço.,toracico_braco,aprovado pelo responsável pelo projeto,2026-09-22
P04,Meu coração está disparado e estou com dificuldade para respirar mesmo sentado.,alto risco,Nova elaboração sintética com apoio de IA,R2,R2: percepção de batimentos alterados associada a dificuldade respiratória.,palpitacao_respiratorio,aprovado pelo responsável pelo projeto,2026-09-22
P05,"Não sinto dor no braço, mas estou com aperto no peito e falta de ar.",alto risco,Nova elaboração sintética com apoio de IA,R1,R1: negação de um sintoma não anula os outros sintomas afirmados.,toracico_respiratorio,aprovado pelo responsável pelo projeto,2026-09-22
P06,Tive um pequeno incômodo na região lombar depois de carregar caixas; hoje está melhor e faço minhas atividades normalmente.,baixo risco,Adaptação sintética do exemplo de incômodo nas costas do enunciado,E1;R3,"E1 e R3: foram acrescentados localização, contexto e melhora; rótulo é uma decisão do exercício.",costas_esforco_melhora,aprovado pelo responsável pelo projeto,2026-09-22
P07,"Meu punho ficou dolorido após uma pequena torção, mas a dor está diminuindo e consigo movimentá-lo normalmente.",baixo risco,Nova elaboração sintética com apoio de IA,R4,"R4: cenário localizado de lesão e melhora, sem afirmar diagnóstico de entorse.",punho_torcao_melhora,aprovado pelo responsável pelo projeto,2026-09-22
P08,"Sinto um incômodo discreto na musculatura das costas desde que levantei uma caixa, e ele vem diminuindo ao longo do dia.",baixo risco,Nova elaboração sintética com apoio de IA,R3,R3: cenário musculoesquelético em melhora; mesma família de P06 para evitar divisão artificial entre treino e teste.,costas_esforco_melhora,aprovado pelo responsável pelo projeto,2026-09-22
P09,"Hoje me sinto bem, respiro normalmente e realizo minhas atividades habituais.",baixo risco,Nova elaboração sintética com apoio de IA,criterio_interno,Critério interno de bem-estar explícito; sem fonte clínica individual atribuída.,bem_estar,aprovado pelo responsável pelo projeto,2026-09-22
P10,Não tenho dor no peito nem falta de ar e estou me sentindo bem hoje.,baixo risco,Nova elaboração sintética com apoio de IA,criterio_interno,Critério interno de bem-estar com sintomas negados; não demonstra ausência de doença.,bem_estar,aprovado pelo responsável pelo projeto,2026-09-22
P11,Estou com um peso no peito há meia hora e a dor se espalhou para as costas.,alto risco,Nova elaboração sintética com apoio de IA,R1,R1: desconforto torácico prolongado com extensão para as costas.,toracico_irradiacao_costas,aprovado pelo responsável pelo projeto,2026-09-22
P12,"Sinto um aperto no peito, fiquei pálido e parece que vou desmaiar.",alto risco,Nova elaboração sintética com apoio de IA,R1,R1: desconforto torácico associado a palidez e sensação de desmaio.,toracico_presincope,aprovado pelo responsável pelo projeto,2026-09-22
P13,"Não estou com dor no peito, mas meu coração bate irregularmente e estou com muita falta de ar.",alto risco,Nova elaboração sintética com apoio de IA,R2,R2: alteração percebida dos batimentos e dificuldade respiratória; a negação da dor não anula os sintomas afirmados.,palpitacao_respiratorio,aprovado pelo responsável pelo projeto,2026-09-22
P14,"O incômodo no peito é leve, mas começou junto com suor frio e dificuldade para respirar.",alto risco,Nova elaboração sintética com apoio de IA,R1,R1: sintomas associados motivam o rótulo; a palavra leve não determina a classe.,toracico_suor,aprovado pelo responsável pelo projeto,2026-09-22
P15,"Meu coração está disparado, sinto dor no peito e estou quase desmaiando.",alto risco,Nova elaboração sintética com apoio de IA,R2,R2: palpitações com dor torácica e sensação de desmaio.,palpitacao_toracico_presincope,aprovado pelo responsável pelo projeto,2026-09-22
P16,"Torci o tornozelo ontem; hoje a dor está menor, o inchaço diminuiu e consigo apoiar o pé.",baixo risco,Nova elaboração sintética com apoio de IA,R4,R4: cenário sintético localizado e em melhora; apoiar o pé isoladamente não determina risco.,tornozelo_torcao_melhora,aprovado pelo responsável pelo projeto,2026-09-22
P17,"Depois de correr, senti um pequeno incômodo na coxa; ele diminuiu com o descanso e caminho normalmente.",baixo risco,Nova elaboração sintética com apoio de IA,R4,"R4: contexto de possível esforço muscular, sem afirmar diagnóstico; melhora e pouca intensidade são critérios didáticos combinados.",coxa_esforco_melhora,aprovado pelo responsável pelo projeto,2026-09-22
P18,"O braço ficou um pouco dolorido depois de carregar sacolas ontem; hoje está melhor, sem dor no peito nem falta de ar.",baixo risco,Nova elaboração sintética com apoio de IA,R4,"R4: cenário localizado após esforço e em melhora, com negação explícita de sintomas; dor no braço isoladamente não deve definir a classe.",braco_esforco_melhora,aprovado pelo responsável pelo projeto,2026-09-22
P19,A dor que senti nas costas depois de mudar os móveis passou; hoje estou bem e voltei à minha rotina.,baixo risco,Nova elaboração sintética com apoio de IA,R3,"R3: queixa anterior resolvida e bem-estar atual, por convenção didática.",costas_esforco_melhora,aprovado pelo responsável pelo projeto,2026-09-22
P20,"Acordei disposto, fiz minhas tarefas e terminei o dia sem nenhum incômodo.",baixo risco,Nova elaboração sintética com apoio de IA,criterio_interno,Critério interno de bem-estar explícito; sem fonte clínica individual atribuída.,bem_estar,aprovado pelo responsável pelo projeto,2026-09-22
P21,Meu coração parece bater muito devagar e estou com dificuldade para respirar mesmo em repouso.,alto risco,Nova elaboração sintética com apoio de IA,R2,R2: percepção de batimentos lentos associada a dificuldade respiratória; não se infere diagnóstico específico.,palpitacao_respiratorio,aprovado pelo responsável pelo projeto,2026-09-22
P22,Começou uma pressão no peito enquanto eu descansava e agora sinto a dor chegar ao rosto.,alto risco,Nova elaboração sintética com apoio de IA,R1,R1: desconforto torácico com irradiação para o rosto.,toracico_irradiacao_rosto,aprovado pelo responsável pelo projeto,2026-09-22
P23,"Não estou suando, mas sinto um aperto no peito junto com falta de ar desde que acordei.",alto risco,Nova elaboração sintética com apoio de IA,R1,R1: sintomas torácicos e respiratórios afirmados; negar suor não os anula.,toracico_respiratorio,aprovado pelo responsável pelo projeto,2026-09-22
P24,"Já parei de caminhar, mas o peso no peito continua e estou com suor frio.",alto risco,Nova elaboração sintética com apoio de IA,R1,R1: desconforto torácico persistente associado a suor frio.,toracico_suor,aprovado pelo responsável pelo projeto,2026-09-22
P25,"Parece que meu coração pula algumas batidas; junto disso, estou com dor no peito e tontura.",alto risco,Nova elaboração sintética com apoio de IA,R2,R2: percepção de falhas nos batimentos associada a dor torácica e tontura.,palpitacao_toracico_presincope,aprovado pelo responsável pelo projeto,2026-09-22
P26,Meu polegar ficou um pouco dolorido depois de uma pequena torção; hoje está melhor e consigo mexê-lo sem dificuldade.,baixo risco,Nova elaboração sintética com apoio de IA,R4,"R4: cenário localizado, pouco intenso e em melhora; rótulo didático, sem diagnóstico de entorse.",polegar_torcao_melhora,aprovado pelo responsável pelo projeto,2026-09-22
P27,"Senti um incômodo leve na panturrilha depois do treino, mas ele passou com o descanso e hoje estou bem.",baixo risco,Nova elaboração sintética com apoio de IA,R4,R4: contexto sintético de esforço muscular com queixa resolvida e bem-estar atual.,panturrilha_esforco_melhora,aprovado pelo responsável pelo projeto,2026-09-22
P28,O incômodo leve na lombar depois de carregar uma mala está diminuindo; não tenho formigamento nem fraqueza nas pernas e sigo minha rotina.,baixo risco,Nova elaboração sintética com apoio de IA,R3,"R3: melhora, pouca intensidade e contexto de esforço, com negação de manifestações nas pernas; ausência isolada de um sinal não define segurança.",costas_esforco_melhora,aprovado pelo responsável pelo projeto,2026-09-22
P29,A pequena dor no punho após a torção está quase passando; não há inchaço e consigo usar a mão normalmente.,baixo risco,Nova elaboração sintética com apoio de IA,R4,R4: cenário localizado em melhora com função preservada; rótulo é uma convenção do exercício.,punho_torcao_melhora,aprovado pelo responsável pelo projeto,2026-09-22
P30,Não sinto palpitações nem tontura; estou bem e fiz minhas atividades habituais sem desconforto.,baixo risco,Nova elaboração sintética com apoio de IA,criterio_interno,Critério interno de bem-estar explícito com sintomas negados; sem referência clínica individual.,bem_estar,aprovado pelo responsável pelo projeto,2026-09-22
P31,Sinto uma pressão forte no peito que agora se espalha para o braço direito.,alto risco,Nova elaboração sintética com apoio de IA (assistente Codex),R1,Desconforto torácico com irradiação ao braço; a fonte inclui o braço direito como apresentação menos frequente.,toracico_braco,revisado pelo assistente sob autorização do responsável,
P32,Acordei durante a noite com o coração batendo fora do ritmo e estou ofegante mesmo depois de me sentar.,alto risco,Nova elaboração sintética com apoio de IA (assistente Codex),R2,Batimentos percebidos como irregulares associados a dificuldade respiratória; o contexto noturno não altera o critério.,palpitacao_respiratorio,revisado pelo assistente sob autorização do responsável,
P33,Estou com dor nas costas e comecei a sentir dormência e fraqueza nas duas pernas.,alto risco,Nova elaboração sintética com apoio de IA (assistente Codex),R3,A fonte lista sintomas bilaterais nas pernas associados a dor nas costas entre sinais de atendimento imediato.,costas_alerta_neurologico,revisado pelo assistente sob autorização do responsável,
P34,"Depois que torci o punho, minha mão ficou dormente e o punho parece fora do lugar.",alto risco,Nova elaboração sintética com apoio de IA (assistente Codex),R4,Perda de sensibilidade e deformidade após lesão correspondem a sinais de atendimento imediato descritos na fonte.,punho_trauma_alerta,revisado pelo assistente sob autorização do responsável,
P35,"Virei o pé numa queda e agora ele está frio, com os dedos azulados.",alto risco,Nova elaboração sintética com apoio de IA (assistente Codex),R4,Mudança de cor e extremidade fria após lesão são sinais de alerta descritos na fonte.,pe_trauma_alerta,revisado pelo assistente sob autorização do responsável,
P36,"Após o treino, meu antebraço ficou um pouco dolorido; a dor diminuiu e consigo mexer a mão e o cotovelo normalmente.",baixo risco,Nova elaboração sintética com apoio de IA (assistente Codex),R4,"Cenário sintético de esforço muscular localizado, pouco intenso e em melhora; rótulo didático, não fornecido pela fonte.",braco_esforco_melhora,revisado pelo assistente sob autorização do responsável,
P37,"A coxa ainda está um pouco sensível depois da corrida de ontem, mas hoje incomoda menos e caminho sem dificuldade.",baixo risco,Nova elaboração sintética com apoio de IA (assistente Codex),R4,"Queixa muscular localizada em melhora com função preservada, segundo a convenção do exercício.",coxa_esforco_melhora,revisado pelo assistente sob autorização do responsável,
P38,O tornozelo que torci há alguns dias já não dói nem está inchado; voltei a caminhar normalmente.,baixo risco,Nova elaboração sintética com apoio de IA (assistente Codex),R4,Resolução de queixa localizada e função recuperada no cenário fictício; não é diagnóstico nem alta clínica.,tornozelo_torcao_melhora,revisado pelo assistente sob autorização do responsável,
P39,"A pequena dor lombar que tive ao levantar um balde está quase sumindo, sem atrapalhar minhas tarefas.",baixo risco,Nova elaboração sintética com apoio de IA (assistente Codex),R3,"Queixa pouco intensa após esforço e em melhora, conforme os critérios didáticos.",costas_esforco_melhora,revisado pelo assistente sob autorização do responsável,
P40,"Passei o dia bem, sem dor, tontura ou dificuldade para respirar.",baixo risco,Nova elaboração sintética com apoio de IA (assistente Codex),criterio_interno,"Bem-estar atual afirmado, acompanhado de sintomas negados; sem fonte clínica individual.",bem_estar,revisado pelo assistente sob autorização do responsável,
P41,"O aperto no peito aliviou por alguns minutos, mas voltou e agora estou com suor frio.",alto risco,Nova elaboração sintética com apoio de IA (assistente Codex),R1,Desconforto torácico atual associado a suor frio; melhora anterior não elimina os sinais atuais. Evolução temporal é elaboração sintética.,toracico_suor,revisado pelo assistente sob autorização do responsável,
P42,"Percebo meu coração batendo devagar e, ao mesmo tempo, sinto dor no peito e uma tontura forte.",alto risco,Nova elaboração sintética com apoio de IA (assistente Codex),R2,Batimentos lentos percebidos com dor torácica e tontura; não se infere causa específica.,palpitacao_toracico_presincope,revisado pelo assistente sob autorização do responsável,
P43,"Além da dor nas costas, apareceu uma dificuldade para urinar que eu não tinha antes.",alto risco,Nova elaboração sintética com apoio de IA (assistente Codex),R3,Alteração urinária nova associada a dor nas costas consta entre os sinais de atendimento imediato da fonte.,costas_alerta_neurologico,revisado pelo assistente sob autorização do responsável,
P44,"Torci o tornozelo, o inchaço está aumentando muito e não consigo dar mais que alguns passos.",alto risco,Nova elaboração sintética com apoio de IA (assistente Codex),R4,Piora importante do inchaço e incapacidade de caminhar após lesão motivam avaliação urgente na fonte; a classe é a convenção binária do projeto.,tornozelo_trauma_alerta,revisado pelo assistente sob autorização do responsável,
P45,"Meu dedo ficou torto depois de uma pancada; a dor é pequena, mas ele está com um formato diferente.",alto risco,Nova elaboração sintética com apoio de IA (assistente Codex),R4,Deformidade após lesão é sinal de alerta na fonte; pouca dor isoladamente não determina classe baixa.,dedo_trauma_alerta,revisado pelo assistente sob autorização do responsável,
P46,Senti uma dorzinha no braço depois de levantar pesos ontem; ela está diminuindo e não sinto falta de ar nem aperto no peito.,baixo risco,Nova elaboração sintética com apoio de IA (assistente Codex),R4,"Contexto sintético de esforço localizado, melhora e sintomas negados; ausência de sintomas torácicos isoladamente não define segurança.",braco_esforco_melhora,revisado pelo assistente sob autorização do responsável,
P47,"Meu joelho ficou um pouco dolorido após o exercício, mas hoje está melhor, sem inchaço, e ando normalmente.",baixo risco,Nova elaboração sintética com apoio de IA (assistente Codex),R4,"Queixa localizada pouco intensa e em melhora, por convenção didática; não se afirma diagnóstico de lesão.",joelho_esforco_melhora,revisado pelo assistente sob autorização do responsável,
P48,O antebraço que incomodou depois de carregar compras não dói mais; consigo usar o braço normalmente e estou bem.,baixo risco,Nova elaboração sintética com apoio de IA (assistente Codex),R4,Queixa após esforço resolvida e bem-estar atual no cenário sintético.,braco_esforco_melhora,revisado pelo assistente sob autorização do responsável,
P49,"Depois de arrastar uma caixa, fiquei com um incômodo discreto na lombar; ele está melhorando e não tenho dormência nas pernas.",baixo risco,Nova elaboração sintética com apoio de IA (assistente Codex),R3,"Queixa localizada pouco intensa e em melhora; a negação de dormência é contexto adicional, não critério isolado.",costas_esforco_melhora,revisado pelo assistente sob autorização do responsável,
P50,"Hoje estou bem, sem suor frio ou sensação de desmaio, e consegui cumprir minha rotina sem incômodo.",baixo risco,Nova elaboração sintética com apoio de IA (assistente Codex),criterio_interno,Bem-estar explícito e sintomas negados; sem atribuição de fonte clínica individual.,bem_estar,revisado pelo assistente sob autorização do responsável,
P51,"Não sinto dor nos braços, mas estou com pressão no peito, muito pálido e quase desmaiando.",alto risco,Nova elaboração sintética com apoio de IA (assistente Codex),R1,"Desconforto torácico, palidez e sensação de desmaio afirmados; negação da dor nos braços não anula a combinação.",toracico_presincope,revisado pelo assistente sob autorização do responsável,
P52,Meu coração está batendo muito forte e não consigo respirar direito; não tenho dor no peito.,alto risco,Nova elaboração sintética com apoio de IA (assistente Codex),R2,"Palpitações com dificuldade respiratória; negação ao final da frase se aplica à dor, não aos demais sintomas.",palpitacao_respiratorio,revisado pelo assistente sob autorização do responsável,
P53,"Depois de uma colisão de carro, comecei a sentir dor nas costas, embora ainda consiga caminhar.",alto risco,Nova elaboração sintética com apoio de IA (assistente Codex),R3,Dor nas costas após acidente importante consta entre os sinais de atendimento imediato; caminhar não elimina esse contexto.,costas_trauma_alerta,revisado pelo assistente sob autorização do responsável,
P54,"Machucou pouco quando virei o pé, mas desde então não sinto os dedos e eles estão formigando.",alto risco,Nova elaboração sintética com apoio de IA (assistente Codex),R4,Perda de sensibilidade e formigamento após lesão são alertas na fonte; intensidade inicial pequena não elimina esses sinais.,pe_trauma_alerta,revisado pelo assistente sob autorização do responsável,
P55,"A dor nas costas começou de repente, ficou muito forte e estou me sentindo febril e com calafrios.",alto risco,Nova elaboração sintética com apoio de IA (assistente Codex),R3,Dor intensa de início súbito e sintomas sistêmicos são contextos de avaliação urgente na fonte; rótulo binário didático.,costas_alerta_sistemico,revisado pelo assistente sob autorização do responsável,
P56,"Meu polegar ainda incomoda um pouco desde a torção, mas a dor diminuiu e já consigo segurar objetos normalmente.",baixo risco,Nova elaboração sintética com apoio de IA (assistente Codex),R4,Queixa localizada pouco intensa em melhora com função preservada; não equivale a avaliação clínica.,polegar_torcao_melhora,revisado pelo assistente sob autorização do responsável,
P57,"Depois do exercício, a panturrilha ficou levemente dolorida; hoje ela não dói mais e caminho como de costume.",baixo risco,Nova elaboração sintética com apoio de IA (assistente Codex),R4,Queixa muscular após esforço resolvida no cenário sintético; rótulo por convenção do projeto.,panturrilha_esforco_melhora,revisado pelo assistente sob autorização do responsável,
P58,Fiquei com um pequeno incômodo no joelho depois de caminhar mais que o habitual; ele vem diminuindo e consigo dobrar a perna normalmente.,baixo risco,Nova elaboração sintética com apoio de IA (assistente Codex),R4,"Contexto de esforço localizado com melhora e mobilidade preservada, sem afirmar diagnóstico específico.",joelho_esforco_melhora,revisado pelo assistente sob autorização do responsável,
P59,"A dor leve no punho após a torção está melhorando; sinto os dedos normalmente, sem formigamento, e consigo usar a mão.",baixo risco,Nova elaboração sintética com apoio de IA (assistente Codex),R4,Queixa pouco intensa em melhora e função preservada com sensibilidade afirmada; rótulo sintético não fornecido pela fonte.,punho_torcao_melhora,revisado pelo assistente sob autorização do responsável,
P60,Não estou sentindo nenhum desconforto hoje; minha respiração está normal e me sinto disposto.,baixo risco,Nova elaboração sintética com apoio de IA (assistente Codex),criterio_interno,"Bem-estar atual explícito, por critério interno; ausência de desconforto não comprova ausência de doença.",bem_estar,revisado pelo assistente sob autorização do responsável,
