frase,situacao
"sinto dor no peito e falta de ar",alto risco
"tive um leve incômodo nas costas",baixo risco
"estou com cansaço extremo e dificuldade para respirar",alto risco
"tenho uma sensação de aperto no peito ao subir escadas",alto risco
"sinto apenas desconforto leve depois de caminhar",baixo risco
"meu coração dispara e eu fico tonto",alto risco
"não tenho sintomas relevantes hoje e me sinto bem",baixo risco
"sudorese fria e dor no braço esquerdo",alto risco
"há um pouco de mal-estar, mas consigo caminhar normalmente",baixo risco
"falta de ar em repouso e desmaio recorrente",alto risco
"tenho palpitações ocasionais sem outra queixa",baixo risco
"dor torácica intensa com ansiedade e suor frio",alto risco
