arquivo,classe,split_origem,largura_px,altura_px,modo_cor,canais,formato,bytes,no_repositorio,origem_hf
_interno/ecg_png_alta_resolucao/treino/infarto/1.png,infarto,treino,1144,583,RGBA,4,PNG,1217493,nao,data/train/myocardial infarctions/1.png
_interno/ecg_png_alta_resolucao/treino/infarto/10.png,infarto,treino,1189,717,RGBA,4,PNG,479103,nao,data/train/myocardial infarctions/10.png
_interno/ecg_png_alta_resolucao/treino/infarto/11.png,infarto,treino,850,403,RGBA,4,PNG,615425,nao,data/train/myocardial infarctions/11.png
_interno/ecg_png_alta_resolucao/treino/infarto/12.png,infarto,treino,1150,322,RGBA,4,PNG,736921,nao,data/train/myocardial infarctions/12.png
_interno/ecg_png_alta_resolucao/treino/infarto/13.png,infarto,treino,1369,754,RGBA,4,PNG,1040930,nao,data/train/myocardial infarctions/13.png
_interno/ecg_png_alta_resolucao/treino/infarto/14.png,infarto,treino,1431,634,RGBA,4,PNG,974847,nao,data/train/myocardial infarctions/14.png
_interno/ecg_png_alta_resolucao/treino/infarto/15.png,infarto,treino,1132,463,RGBA,4,PNG,634109,nao,data/train/myocardial infarctions/15.png
_interno/ecg_png_alta_resolucao/treino/infarto/16.png,infarto,treino,1125,525,RGBA,4,PNG,698821,nao,data/train/myocardial infarctions/16.png
_interno/ecg_png_alta_resolucao/treino/infarto/17.png,infarto,treino,1128,537,RGBA,4,PNG,726376,nao,data/train/myocardial infarctions/17.png
_interno/ecg_png_alta_resolucao/treino/infarto/18.png,infarto,treino,1120,531,RGBA,4,PNG,693694,nao,data/train/myocardial infarctions/18.png
_interno/ecg_png_alta_resolucao/treino/infarto/19.png,infarto,treino,1126,427,RGBA,4,PNG,568558,nao,data/train/myocardial infarctions/19.png
_interno/ecg_png_alta_resolucao/treino/infarto/2.png,infarto,treino,1170,391,RGBA,4,PNG,830807,nao,data/train/myocardial infarctions/2.png
_interno/ecg_png_alta_resolucao/treino/infarto/20.png,infarto,treino,1119,637,RGBA,4,PNG,821245,nao,data/train/myocardial infarctions/20.png
_interno/ecg_png_alta_resolucao/treino/infarto/21.png,infarto,treino,1132,394,RGBA,4,PNG,476386,nao,data/train/myocardial infarctions/21.png
_interno/ecg_png_alta_resolucao/treino/infarto/22.png,infarto,treino,1012,499,RGBA,4,PNG,1243564,nao,data/train/myocardial infarctions/22.png
_interno/ecg_png_alta_resolucao/treino/infarto/23.png,infarto,treino,904,366,RGBA,4,PNG,728884,nao,data/train/myocardial infarctions/23.png
_interno/ecg_png_alta_resolucao/treino/infarto/24.png,infarto,treino,907,306,RGBA,4,PNG,668287,nao,data/train/myocardial infarctions/24.png
_interno/ecg_png_alta_resolucao/treino/infarto/25.png,infarto,treino,916,331,RGBA,4,PNG,689331,nao,data/train/myocardial infarctions/25.png
_interno/ecg_png_alta_resolucao/treino/infarto/3.png,infarto,treino,802,430,RGBA,4,PNG,796506,nao,data/train/myocardial infarctions/3.png
_interno/ecg_png_alta_resolucao/treino/infarto/4.png,infarto,treino,952,429,RGBA,4,PNG,850203,nao,data/train/myocardial infarctions/4.png
_interno/ecg_png_alta_resolucao/treino/infarto/5.png,infarto,treino,939,418,RGBA,4,PNG,755912,nao,data/train/myocardial infarctions/5.png
_interno/ecg_png_alta_resolucao/treino/infarto/6.png,infarto,treino,952,432,RGBA,4,PNG,856367,nao,data/train/myocardial infarctions/6.png
_interno/ecg_png_alta_resolucao/treino/infarto/7.png,infarto,treino,1246,508,RGBA,4,PNG,1138104,nao,data/train/myocardial infarctions/7.png
_interno/ecg_png_alta_resolucao/treino/infarto/8.png,infarto,treino,753,643,RGBA,4,PNG,778050,nao,data/train/myocardial infarctions/8.png
_interno/ecg_png_alta_resolucao/treino/infarto/9.png,infarto,treino,858,409,RGBA,4,PNG,636348,nao,data/train/myocardial infarctions/9.png
_interno/ecg_png_alta_resolucao/treino/infarto/mi001.png,infarto,treino,802,364,RGBA,4,PNG,663228,nao,data/train/myocardial infarctions/mi001.png
_interno/ecg_png_alta_resolucao/treino/infarto/mi002.png,infarto,treino,802,397,RGBA,4,PNG,721225,nao,data/train/myocardial infarctions/mi002.png
_interno/ecg_png_alta_resolucao/treino/infarto/mi003.png,infarto,treino,801,426,RGBA,4,PNG,767017,nao,data/train/myocardial infarctions/mi003.png
_interno/ecg_png_alta_resolucao/treino/infarto/mi004.png,infarto,treino,798,436,RGBA,4,PNG,784529,nao,data/train/myocardial infarctions/mi004.png
_interno/ecg_png_alta_resolucao/treino/infarto/mi005.png,infarto,treino,799,427,RGBA,4,PNG,763461,nao,data/train/myocardial infarctions/mi005.png
_interno/ecg_png_alta_resolucao/treino/infarto/mi006.png,infarto,treino,801,364,RGBA,4,PNG,644370,nao,data/train/myocardial infarctions/mi006.png
_interno/ecg_png_alta_resolucao/treino/infarto/mi007.png,infarto,treino,802,378,RGBA,4,PNG,673129,nao,data/train/myocardial infarctions/mi007.png
_interno/ecg_png_alta_resolucao/treino/infarto/mi008.png,infarto,treino,799,364,RGBA,4,PNG,651974,nao,data/train/myocardial infarctions/mi008.png
_interno/ecg_png_alta_resolucao/treino/infarto/mi009.png,infarto,treino,801,366,RGBA,4,PNG,653200,nao,data/train/myocardial infarctions/mi009.png
_interno/ecg_png_alta_resolucao/treino/infarto/mi010.png,infarto,treino,802,379,RGBA,4,PNG,672880,nao,data/train/myocardial infarctions/mi010.png
_interno/ecg_png_alta_resolucao/treino/infarto/mi011.png,infarto,treino,796,415,RGBA,4,PNG,732730,nao,data/train/myocardial infarctions/mi011.png
_interno/ecg_png_alta_resolucao/treino/infarto/mi012.png,infarto,treino,799,334,RGBA,4,PNG,599252,nao,data/train/myocardial infarctions/mi012.png
_interno/ecg_png_alta_resolucao/treino/infarto/mi013.png,infarto,treino,799,364,RGBA,4,PNG,657209,nao,data/train/myocardial infarctions/mi013.png
_interno/ecg_png_alta_resolucao/treino/infarto/mi014.png,infarto,treino,796,436,RGBA,4,PNG,780371,nao,data/train/myocardial infarctions/mi014.png
_interno/ecg_png_alta_resolucao/treino/infarto/mi015.png,infarto,treino,802,300,RGBA,4,PNG,543405,nao,data/train/myocardial infarctions/mi015.png
_interno/ecg_png_alta_resolucao/treino/infarto/mi016.png,infarto,treino,802,313,RGBA,4,PNG,562010,nao,data/train/myocardial infarctions/mi016.png
_interno/ecg_png_alta_resolucao/treino/infarto/mi017.png,infarto,treino,1078,489,RGBA,4,PNG,410376,nao,data/train/myocardial infarctions/mi017.png
_interno/ecg_png_alta_resolucao/treino/infarto/mi018.png,infarto,treino,1138,553,RGBA,4,PNG,124960,nao,data/train/myocardial infarctions/mi018.png
_interno/ecg_png_alta_resolucao/treino/infarto/mi019.png,infarto,treino,1492,669,RGBA,4,PNG,279326,nao,data/train/myocardial infarctions/mi019.png
_interno/ecg_png_alta_resolucao/treino/infarto/mi020.png,infarto,treino,814,445,RGBA,4,PNG,332269,nao,data/train/myocardial infarctions/mi020.png
_interno/ecg_png_alta_resolucao/treino/infarto/mi021.png,infarto,treino,754,502,RGBA,4,PNG,323503,nao,data/train/myocardial infarctions/mi021.png
_interno/ecg_png_alta_resolucao/treino/infarto/mi022.png,infarto,treino,862,445,RGBA,4,PNG,339758,nao,data/train/myocardial infarctions/mi022.png
_interno/ecg_png_alta_resolucao/treino/infarto/mi023.png,infarto,treino,793,442,RGBA,4,PNG,405469,nao,data/train/myocardial infarctions/mi023.png
_interno/ecg_png_alta_resolucao/treino/infarto/mi024.png,infarto,treino,768,442,RGBA,4,PNG,309338,nao,data/train/myocardial infarctions/mi024.png
_interno/ecg_png_alta_resolucao/treino/infarto/mi025.png,infarto,treino,762,445,RGBA,4,PNG,460716,nao,data/train/myocardial infarctions/mi025.png
_interno/ecg_png_alta_resolucao/treino/infarto/mi026.png,infarto,treino,864,397,RGBA,4,PNG,486722,nao,data/train/myocardial infarctions/mi026.png
_interno/ecg_png_alta_resolucao/treino/infarto/mi027.png,infarto,treino,793,444,RGBA,4,PNG,481059,nao,data/train/myocardial infarctions/mi027.png
_interno/ecg_png_alta_resolucao/treino/infarto/mi028.png,infarto,treino,861,310,RGBA,4,PNG,241433,nao,data/train/myocardial infarctions/mi028.png
_interno/ecg_png_alta_resolucao/treino/infarto/mi029.png,infarto,treino,793,439,RGBA,4,PNG,424666,nao,data/train/myocardial infarctions/mi029.png
_interno/ecg_png_alta_resolucao/treino/infarto/mi030.png,infarto,treino,783,439,RGBA,4,PNG,431524,nao,data/train/myocardial infarctions/mi030.png
_interno/ecg_png_alta_resolucao/treino/infarto/mi031.png,infarto,treino,838,444,RGBA,4,PNG,333223,nao,data/train/myocardial infarctions/mi031.png
_interno/ecg_png_alta_resolucao/treino/infarto/mi032.png,infarto,treino,789,448,RGBA,4,PNG,424975,nao,data/train/myocardial infarctions/mi032.png
_interno/ecg_png_alta_resolucao/treino/infarto/mi033.png,infarto,treino,799,349,RGBA,4,PNG,352665,nao,data/train/myocardial infarctions/mi033.png
_interno/ecg_png_alta_resolucao/treino/infarto/mi034.png,infarto,treino,1288,673,RGBA,4,PNG,1036699,nao,data/train/myocardial infarctions/mi034.png
_interno/ecg_png_alta_resolucao/treino/infarto/mi035.png,infarto,treino,1270,697,RGBA,4,PNG,1632778,nao,data/train/myocardial infarctions/mi035.png
_interno/ecg_png_alta_resolucao/treino/infarto/mi036.png,infarto,treino,1288,655,RGBA,4,PNG,1563946,nao,data/train/myocardial infarctions/mi036.png
_interno/ecg_png_alta_resolucao/treino/infarto/mi037.png,infarto,treino,1284,733,RGBA,4,PNG,1731017,nao,data/train/myocardial infarctions/mi037.png
_interno/ecg_png_alta_resolucao/treino/infarto/mi038.png,infarto,treino,1282,672,RGBA,4,PNG,1605483,nao,data/train/myocardial infarctions/mi038.png
_interno/ecg_png_alta_resolucao/treino/infarto/mi039.png,infarto,treino,1285,655,RGBA,4,PNG,1480890,nao,data/train/myocardial infarctions/mi039.png
_interno/ecg_png_alta_resolucao/treino/infarto/mi040.png,infarto,treino,1284,651,RGBA,4,PNG,1443156,nao,data/train/myocardial infarctions/mi040.png
_interno/ecg_png_alta_resolucao/treino/infarto/mi041.png,infarto,treino,1290,676,RGBA,4,PNG,1371808,nao,data/train/myocardial infarctions/mi041.png
_interno/ecg_png_alta_resolucao/treino/infarto/mi042.png,infarto,treino,1284,661,RGBA,4,PNG,1436178,nao,data/train/myocardial infarctions/mi042.png
_interno/ecg_png_alta_resolucao/treino/infarto/mi043.png,infarto,treino,1287,660,RGBA,4,PNG,1234936,nao,data/train/myocardial infarctions/mi043.png
_interno/ecg_png_alta_resolucao/treino/infarto/mi044.png,infarto,treino,1255,703,RGBA,4,PNG,1357999,nao,data/train/myocardial infarctions/mi044.png
_interno/ecg_png_alta_resolucao/treino/infarto/mi045.png,infarto,treino,1287,661,RGBA,4,PNG,1563796,nao,data/train/myocardial infarctions/mi045.png
_interno/ecg_png_alta_resolucao/treino/infarto/mi046.png,infarto,treino,1287,660,RGBA,4,PNG,1485198,nao,data/train/myocardial infarctions/mi046.png
_interno/ecg_png_alta_resolucao/treino/infarto/mi047.png,infarto,treino,1288,676,RGBA,4,PNG,1516935,nao,data/train/myocardial infarctions/mi047.png
_interno/ecg_png_alta_resolucao/treino/infarto/mi048.png,infarto,treino,1287,651,RGBA,4,PNG,1263459,nao,data/train/myocardial infarctions/mi048.png
_interno/ecg_png_alta_resolucao/treino/infarto/mi049.png,infarto,treino,1288,721,RGBA,4,PNG,1650481,nao,data/train/myocardial infarctions/mi049.png
_interno/ecg_png_alta_resolucao/treino/infarto/mi050.png,infarto,treino,1287,700,RGBA,4,PNG,1289640,nao,data/train/myocardial infarctions/mi050.png
_interno/ecg_png_alta_resolucao/treino/infarto/mi051.png,infarto,treino,1291,667,RGBA,4,PNG,1501677,nao,data/train/myocardial infarctions/mi051.png
_interno/ecg_png_alta_resolucao/treino/infarto/mi052.png,infarto,treino,1282,703,RGBA,4,PNG,1543096,nao,data/train/myocardial infarctions/mi052.png
_interno/ecg_png_alta_resolucao/treino/normal/11.png,normal,treino,1117,541,RGBA,4,PNG,704729,nao,data/train/normal/11.png
_interno/ecg_png_alta_resolucao/treino/normal/12.png,normal,treino,624,342,RGBA,4,PNG,415178,nao,data/train/normal/12.png
_interno/ecg_png_alta_resolucao/treino/normal/13.png,normal,treino,1428,673,RGBA,4,PNG,982466,nao,data/train/normal/13.png
_interno/ecg_png_alta_resolucao/treino/normal/14.png,normal,treino,985,451,RGBA,4,PNG,453567,nao,data/train/normal/14.png
_interno/ecg_png_alta_resolucao/treino/normal/15.png,normal,treino,732,301,RGBA,4,PNG,450565,nao,data/train/normal/15.png
_interno/ecg_png_alta_resolucao/treino/normal/16.png,normal,treino,1015,559,RGBA,4,PNG,655814,nao,data/train/normal/16.png
_interno/ecg_png_alta_resolucao/treino/normal/17.png,normal,treino,1117,631,RGBA,4,PNG,1454160,nao,data/train/normal/17.png
_interno/ecg_png_alta_resolucao/treino/normal/18.png,normal,treino,1333,703,RGBA,4,PNG,1246862,nao,data/train/normal/18.png
_interno/ecg_png_alta_resolucao/treino/normal/19.png,normal,treino,1102,652,RGBA,4,PNG,705825,nao,data/train/normal/19.png
_interno/ecg_png_alta_resolucao/treino/normal/2.png,normal,treino,1678,613,RGBA,4,PNG,940663,nao,data/train/normal/2.png
_interno/ecg_png_alta_resolucao/treino/normal/20.png,normal,treino,847,430,RGBA,4,PNG,996406,nao,data/train/normal/20.png
_interno/ecg_png_alta_resolucao/treino/normal/21.png,normal,treino,1009,478,RGBA,4,PNG,1191225,nao,data/train/normal/21.png
_interno/ecg_png_alta_resolucao/treino/normal/4.png,normal,treino,942,433,RGBA,4,PNG,829367,nao,data/train/normal/4.png
_interno/ecg_png_alta_resolucao/treino/normal/5.jpg,normal,treino,1280,596,RGB,3,JPEG,406237,nao,data/train/normal/5.jpg
_interno/ecg_png_alta_resolucao/treino/normal/6.png,normal,treino,913,528,RGBA,4,PNG,957045,nao,data/train/normal/6.png
_interno/ecg_png_alta_resolucao/treino/normal/7.png,normal,treino,1030,559,RGBA,4,PNG,669227,nao,data/train/normal/7.png
_interno/ecg_png_alta_resolucao/treino/normal/8.png,normal,treino,1015,465,RGBA,4,PNG,970432,nao,data/train/normal/8.png
_interno/ecg_png_alta_resolucao/treino/normal/9.png,normal,treino,1108,526,RGBA,4,PNG,1585960,nao,data/train/normal/9.png
_interno/ecg_png_alta_resolucao/treino/normal/normal001.png,normal,treino,1471,751,RGBA,4,PNG,1163143,nao,data/train/normal/normal001.png
_interno/ecg_png_alta_resolucao/treino/normal/normal002.png,normal,treino,1474,766,RGBA,4,PNG,806628,nao,data/train/normal/normal002.png
_interno/ecg_png_alta_resolucao/treino/normal/normal003.png,normal,treino,1474,778,RGBA,4,PNG,958434,nao,data/train/normal/normal003.png
_interno/ecg_png_alta_resolucao/treino/normal/normal004.png,normal,treino,1285,660,RGBA,4,PNG,1547296,nao,data/train/normal/normal004.png
_interno/ecg_png_alta_resolucao/treino/normal/normal005.png,normal,treino,1285,672,RGBA,4,PNG,1299690,nao,data/train/normal/normal005.png
_interno/ecg_png_alta_resolucao/treino/normal/normal006.png,normal,treino,1315,631,RGBA,4,PNG,1682155,nao,data/train/normal/normal006.png
_interno/ecg_png_alta_resolucao/treino/normal/normal007.png,normal,treino,1287,691,RGBA,4,PNG,1359742,nao,data/train/normal/normal007.png
_interno/ecg_png_alta_resolucao/treino/normal/normal008.png,normal,treino,1224,693,RGBA,4,PNG,1307655,nao,data/train/normal/normal008.png
_interno/ecg_png_alta_resolucao/treino/normal/normal009.png,normal,treino,1285,675,RGBA,4,PNG,1519270,nao,data/train/normal/normal009.png
_interno/ecg_png_alta_resolucao/treino/normal/normal010.png,normal,treino,967,508,RGBA,4,PNG,646011,nao,data/train/normal/normal010.png
_interno/ecg_png_alta_resolucao/treino/normal/normal011.png,normal,treino,1240,658,RGBA,4,PNG,903870,nao,data/train/normal/normal011.png
_interno/ecg_png_alta_resolucao/treino/normal/normal012.png,normal,treino,1240,637,RGBA,4,PNG,959276,nao,data/train/normal/normal012.png
_interno/ecg_png_alta_resolucao/treino/normal/normal013.png,normal,treino,1177,678,RGBA,4,PNG,892507,nao,data/train/normal/normal013.png
_interno/ecg_png_alta_resolucao/treino/normal/normal014.png,normal,treino,1168,652,RGBA,4,PNG,953562,nao,data/train/normal/normal014.png
_interno/ecg_png_alta_resolucao/treino/normal/normal015.png,normal,treino,1237,642,RGBA,4,PNG,921580,nao,data/train/normal/normal015.png
_interno/ecg_png_alta_resolucao/treino/normal/normal016.png,normal,treino,1273,673,RGBA,4,PNG,982612,nao,data/train/normal/normal016.png
_interno/ecg_png_alta_resolucao/treino/normal/normal017.png,normal,treino,1288,649,RGBA,4,PNG,1402831,nao,data/train/normal/normal017.png
_interno/ecg_png_alta_resolucao/treino/normal/normal018.png,normal,treino,1240,646,RGBA,4,PNG,1313534,nao,data/train/normal/normal018.png
_interno/ecg_png_alta_resolucao/treino/normal/normal019.png,normal,treino,1233,649,RGBA,4,PNG,1454441,nao,data/train/normal/normal019.png
_interno/ecg_png_alta_resolucao/treino/normal/normal020.png,normal,treino,1167,646,RGBA,4,PNG,1043242,nao,data/train/normal/normal020.png
_interno/ecg_png_alta_resolucao/treino/normal/normal021.png,normal,treino,1287,652,RGBA,4,PNG,1206297,nao,data/train/normal/normal021.png
_interno/ecg_png_alta_resolucao/treino/normal/normal022.png,normal,treino,1284,646,RGBA,4,PNG,1181191,nao,data/train/normal/normal022.png
_interno/ecg_png_alta_resolucao/treino/normal/normal023.png,normal,treino,1284,670,RGBA,4,PNG,1268874,nao,data/train/normal/normal023.png
_interno/ecg_png_alta_resolucao/treino/normal/normal024.png,normal,treino,1249,696,RGBA,4,PNG,1443150,nao,data/train/normal/normal024.png
_interno/ecg_png_alta_resolucao/treino/normal/normal025.png,normal,treino,1284,702,RGBA,4,PNG,1232569,nao,data/train/normal/normal025.png
_interno/ecg_png_alta_resolucao/treino/normal/normal026.png,normal,treino,1515,591,RGBA,4,PNG,1674102,nao,data/train/normal/normal026.png
_interno/ecg_png_alta_resolucao/treino/normal/normal027.png,normal,treino,799,394,RGBA,4,PNG,711087,nao,data/train/normal/normal027.png
_interno/ecg_png_alta_resolucao/treino/normal/normal028.png,normal,treino,801,391,RGBA,4,PNG,692885,nao,data/train/normal/normal028.png
_interno/ecg_png_alta_resolucao/treino/normal/normal029.png,normal,treino,799,430,RGBA,4,PNG,755678,nao,data/train/normal/normal029.png
_interno/ecg_png_alta_resolucao/treino/normal/normal030.png,normal,treino,799,354,RGBA,4,PNG,626171,nao,data/train/normal/normal030.png
_interno/ecg_png_alta_resolucao/treino/normal/normal031.png,normal,treino,795,379,RGBA,4,PNG,674411,nao,data/train/normal/normal031.png
_interno/ecg_png_alta_resolucao/treino/normal/normal032.png,normal,treino,799,348,RGBA,4,PNG,623472,nao,data/train/normal/normal032.png
_interno/ecg_png_alta_resolucao/treino/normal/normal033.png,normal,treino,804,327,RGBA,4,PNG,582882,nao,data/train/normal/normal033.png
_interno/ecg_png_alta_resolucao/treino/normal/normal034.png,normal,treino,798,355,RGBA,4,PNG,639834,nao,data/train/normal/normal034.png
_interno/ecg_png_alta_resolucao/treino/normal/normal035.png,normal,treino,796,352,RGBA,4,PNG,622278,nao,data/train/normal/normal035.png
_interno/ecg_png_alta_resolucao/treino/normal/normal036.png,normal,treino,799,403,RGBA,4,PNG,717939,nao,data/train/normal/normal036.png
_interno/ecg_png_alta_resolucao/treino/normal/normal037.png,normal,treino,1234,433,RGBA,4,PNG,862956,nao,data/train/normal/normal037.png
_interno/ecg_png_alta_resolucao/treino/normal/normal038.png,normal,treino,1242,622,RGBA,4,PNG,592057,nao,data/train/normal/normal038.png
_interno/ecg_png_alta_resolucao/treino/normal/normal039.png,normal,treino,745,442,RGBA,4,PNG,300214,nao,data/train/normal/normal039.png
_interno/ecg_png_alta_resolucao/treino/normal/normal040.png,normal,treino,856,426,RGBA,4,PNG,277974,nao,data/train/normal/normal040.png
_interno/ecg_png_alta_resolucao/treino/normal/normal041.png,normal,treino,861,315,RGBA,4,PNG,203015,nao,data/train/normal/normal041.png
assets/ecg/teste/infarto/MI(155).jpg,infarto,teste,227,227,RGB,3,JPEG,39894,sim,data/test/myocardial infarctions/MI(155).jpg
assets/ecg/teste/infarto/MI(156).jpg,infarto,teste,227,227,RGB,3,JPEG,44442,sim,data/test/myocardial infarctions/MI(156).jpg
assets/ecg/teste/infarto/MI(157).jpg,infarto,teste,227,227,RGB,3,JPEG,42271,sim,data/test/myocardial infarctions/MI(157).jpg
assets/ecg/teste/infarto/MI(158).jpg,infarto,teste,227,227,RGB,3,JPEG,43474,sim,data/test/myocardial infarctions/MI(158).jpg
assets/ecg/teste/infarto/MI(159).jpg,infarto,teste,227,227,RGB,3,JPEG,43362,sim,data/test/myocardial infarctions/MI(159).jpg
assets/ecg/teste/infarto/MI(160).jpg,infarto,teste,227,227,RGB,3,JPEG,40845,sim,data/test/myocardial infarctions/MI(160).jpg
assets/ecg/teste/infarto/MI(161).jpg,infarto,teste,227,227,RGB,3,JPEG,41657,sim,data/test/myocardial infarctions/MI(161).jpg
assets/ecg/teste/infarto/MI(162).jpg,infarto,teste,227,227,RGB,3,JPEG,42291,sim,data/test/myocardial infarctions/MI(162).jpg
assets/ecg/teste/infarto/MI(163).jpg,infarto,teste,227,227,RGB,3,JPEG,41545,sim,data/test/myocardial infarctions/MI(163).jpg
assets/ecg/teste/infarto/MI(164).jpg,infarto,teste,227,227,RGB,3,JPEG,42729,sim,data/test/myocardial infarctions/MI(164).jpg
assets/ecg/teste/infarto/MI(165).jpg,infarto,teste,227,227,RGB,3,JPEG,42953,sim,data/test/myocardial infarctions/MI(165).jpg
assets/ecg/teste/infarto/MI(166).jpg,infarto,teste,227,227,RGB,3,JPEG,42419,sim,data/test/myocardial infarctions/MI(166).jpg
assets/ecg/teste/infarto/MI(167).jpg,infarto,teste,227,227,RGB,3,JPEG,42869,sim,data/test/myocardial infarctions/MI(167).jpg
assets/ecg/teste/infarto/MI(168).jpg,infarto,teste,227,227,RGB,3,JPEG,42132,sim,data/test/myocardial infarctions/MI(168).jpg
assets/ecg/teste/infarto/MI(169).jpg,infarto,teste,227,227,RGB,3,JPEG,41176,sim,data/test/myocardial infarctions/MI(169).jpg
assets/ecg/teste/infarto/MI(170).jpg,infarto,teste,227,227,RGB,3,JPEG,43288,sim,data/test/myocardial infarctions/MI(170).jpg
assets/ecg/teste/infarto/MI(171).jpg,infarto,teste,227,227,RGB,3,JPEG,42085,sim,data/test/myocardial infarctions/MI(171).jpg
assets/ecg/teste/infarto/MI(172).jpg,infarto,teste,227,227,RGB,3,JPEG,43215,sim,data/test/myocardial infarctions/MI(172).jpg
assets/ecg/teste/infarto/MI(173).jpg,infarto,teste,227,227,RGB,3,JPEG,41899,sim,data/test/myocardial infarctions/MI(173).jpg
assets/ecg/teste/infarto/MI(174).jpg,infarto,teste,227,227,RGB,3,JPEG,46928,sim,data/test/myocardial infarctions/MI(174).jpg
assets/ecg/teste/infarto/MI(175).jpg,infarto,teste,227,227,RGB,3,JPEG,40424,sim,data/test/myocardial infarctions/MI(175).jpg
assets/ecg/teste/infarto/MI(176).jpg,infarto,teste,227,227,RGB,3,JPEG,43244,sim,data/test/myocardial infarctions/MI(176).jpg
assets/ecg/teste/infarto/MI(177).jpg,infarto,teste,227,227,RGB,3,JPEG,42480,sim,data/test/myocardial infarctions/MI(177).jpg
assets/ecg/teste/infarto/MI(178).jpg,infarto,teste,227,227,RGB,3,JPEG,43159,sim,data/test/myocardial infarctions/MI(178).jpg
assets/ecg/teste/infarto/MI(179).jpg,infarto,teste,227,227,RGB,3,JPEG,40863,sim,data/test/myocardial infarctions/MI(179).jpg
assets/ecg/teste/infarto/MI(180).jpg,infarto,teste,227,227,RGB,3,JPEG,42507,sim,data/test/myocardial infarctions/MI(180).jpg
assets/ecg/teste/infarto/MI(181).jpg,infarto,teste,227,227,RGB,3,JPEG,42568,sim,data/test/myocardial infarctions/MI(181).jpg
assets/ecg/teste/infarto/MI(182).jpg,infarto,teste,227,227,RGB,3,JPEG,45586,sim,data/test/myocardial infarctions/MI(182).jpg
assets/ecg/teste/infarto/MI(183).jpg,infarto,teste,227,227,RGB,3,JPEG,41161,sim,data/test/myocardial infarctions/MI(183).jpg
assets/ecg/teste/infarto/MI(184).jpg,infarto,teste,227,227,RGB,3,JPEG,40867,sim,data/test/myocardial infarctions/MI(184).jpg
assets/ecg/teste/infarto/MI(185).jpg,infarto,teste,227,227,RGB,3,JPEG,39894,sim,data/test/myocardial infarctions/MI(185).jpg
assets/ecg/teste/infarto/MI(186).jpg,infarto,teste,227,227,RGB,3,JPEG,44442,sim,data/test/myocardial infarctions/MI(186).jpg
assets/ecg/teste/infarto/MI(187).jpg,infarto,teste,227,227,RGB,3,JPEG,42271,sim,data/test/myocardial infarctions/MI(187).jpg
assets/ecg/teste/infarto/MI(188).jpg,infarto,teste,227,227,RGB,3,JPEG,43474,sim,data/test/myocardial infarctions/MI(188).jpg
assets/ecg/teste/infarto/MI(189).jpg,infarto,teste,227,227,RGB,3,JPEG,43362,sim,data/test/myocardial infarctions/MI(189).jpg
assets/ecg/teste/infarto/MI(190).jpg,infarto,teste,227,227,RGB,3,JPEG,40845,sim,data/test/myocardial infarctions/MI(190).jpg
assets/ecg/teste/infarto/MI(191).jpg,infarto,teste,227,227,RGB,3,JPEG,41657,sim,data/test/myocardial infarctions/MI(191).jpg
assets/ecg/teste/infarto/MI(192).jpg,infarto,teste,227,227,RGB,3,JPEG,42291,sim,data/test/myocardial infarctions/MI(192).jpg
assets/ecg/teste/infarto/MI(193).jpg,infarto,teste,227,227,RGB,3,JPEG,41545,sim,data/test/myocardial infarctions/MI(193).jpg
assets/ecg/teste/infarto/MI(194).jpg,infarto,teste,227,227,RGB,3,JPEG,42729,sim,data/test/myocardial infarctions/MI(194).jpg
assets/ecg/teste/infarto/MI(195).jpg,infarto,teste,227,227,RGB,3,JPEG,42953,sim,data/test/myocardial infarctions/MI(195).jpg
assets/ecg/teste/infarto/MI(196).jpg,infarto,teste,227,227,RGB,3,JPEG,42419,sim,data/test/myocardial infarctions/MI(196).jpg
assets/ecg/teste/infarto/MI(197).jpg,infarto,teste,227,227,RGB,3,JPEG,42869,sim,data/test/myocardial infarctions/MI(197).jpg
assets/ecg/teste/infarto/MI(198).jpg,infarto,teste,227,227,RGB,3,JPEG,42132,sim,data/test/myocardial infarctions/MI(198).jpg
assets/ecg/teste/infarto/MI(199).jpg,infarto,teste,227,227,RGB,3,JPEG,41176,sim,data/test/myocardial infarctions/MI(199).jpg
assets/ecg/teste/infarto/MI(200).jpg,infarto,teste,227,227,RGB,3,JPEG,43288,sim,data/test/myocardial infarctions/MI(200).jpg
assets/ecg/teste/infarto/MI(201).jpg,infarto,teste,227,227,RGB,3,JPEG,42085,sim,data/test/myocardial infarctions/MI(201).jpg
assets/ecg/teste/infarto/MI(202).jpg,infarto,teste,227,227,RGB,3,JPEG,43215,sim,data/test/myocardial infarctions/MI(202).jpg
assets/ecg/teste/infarto/MI(203).jpg,infarto,teste,227,227,RGB,3,JPEG,41899,sim,data/test/myocardial infarctions/MI(203).jpg
assets/ecg/teste/infarto/MI(204).jpg,infarto,teste,227,227,RGB,3,JPEG,46928,sim,data/test/myocardial infarctions/MI(204).jpg
assets/ecg/teste/infarto/MI(205).jpg,infarto,teste,227,227,RGB,3,JPEG,40424,sim,data/test/myocardial infarctions/MI(205).jpg
assets/ecg/teste/infarto/MI(206).jpg,infarto,teste,227,227,RGB,3,JPEG,43244,sim,data/test/myocardial infarctions/MI(206).jpg
assets/ecg/teste/infarto/MI(207).jpg,infarto,teste,227,227,RGB,3,JPEG,42480,sim,data/test/myocardial infarctions/MI(207).jpg
assets/ecg/teste/infarto/MI(208).jpg,infarto,teste,227,227,RGB,3,JPEG,43159,sim,data/test/myocardial infarctions/MI(208).jpg
assets/ecg/teste/infarto/MI(209).jpg,infarto,teste,227,227,RGB,3,JPEG,40863,sim,data/test/myocardial infarctions/MI(209).jpg
assets/ecg/teste/infarto/MI(210).jpg,infarto,teste,227,227,RGB,3,JPEG,42507,sim,data/test/myocardial infarctions/MI(210).jpg
assets/ecg/teste/infarto/MI(211).jpg,infarto,teste,227,227,RGB,3,JPEG,42568,sim,data/test/myocardial infarctions/MI(211).jpg
assets/ecg/teste/infarto/MI(212).jpg,infarto,teste,227,227,RGB,3,JPEG,45586,sim,data/test/myocardial infarctions/MI(212).jpg
assets/ecg/teste/infarto/MI(213).jpg,infarto,teste,227,227,RGB,3,JPEG,41161,sim,data/test/myocardial infarctions/MI(213).jpg
assets/ecg/teste/infarto/MI(214).jpg,infarto,teste,227,227,RGB,3,JPEG,40867,sim,data/test/myocardial infarctions/MI(214).jpg
assets/ecg/teste/infarto/MI(216).jpg,infarto,teste,227,227,RGB,3,JPEG,44442,sim,data/test/myocardial infarctions/MI(216).jpg
assets/ecg/teste/infarto/MI(217).jpg,infarto,teste,227,227,RGB,3,JPEG,42271,sim,data/test/myocardial infarctions/MI(217).jpg
assets/ecg/teste/infarto/MI(218).jpg,infarto,teste,227,227,RGB,3,JPEG,43474,sim,data/test/myocardial infarctions/MI(218).jpg
assets/ecg/teste/infarto/MI(219).jpg,infarto,teste,227,227,RGB,3,JPEG,43362,sim,data/test/myocardial infarctions/MI(219).jpg
assets/ecg/teste/infarto/MI(220).jpg,infarto,teste,227,227,RGB,3,JPEG,40845,sim,data/test/myocardial infarctions/MI(220).jpg
assets/ecg/teste/infarto/MI(221).jpg,infarto,teste,227,227,RGB,3,JPEG,41657,sim,data/test/myocardial infarctions/MI(221).jpg
assets/ecg/teste/infarto/MI(222).jpg,infarto,teste,227,227,RGB,3,JPEG,42291,sim,data/test/myocardial infarctions/MI(222).jpg
assets/ecg/teste/infarto/MI(223).jpg,infarto,teste,227,227,RGB,3,JPEG,41545,sim,data/test/myocardial infarctions/MI(223).jpg
assets/ecg/teste/infarto/MI(224).jpg,infarto,teste,227,227,RGB,3,JPEG,42729,sim,data/test/myocardial infarctions/MI(224).jpg
assets/ecg/teste/infarto/MI(225).jpg,infarto,teste,227,227,RGB,3,JPEG,42953,sim,data/test/myocardial infarctions/MI(225).jpg
assets/ecg/teste/infarto/MI(226).jpg,infarto,teste,227,227,RGB,3,JPEG,42419,sim,data/test/myocardial infarctions/MI(226).jpg
assets/ecg/teste/infarto/MI(227).jpg,infarto,teste,227,227,RGB,3,JPEG,42869,sim,data/test/myocardial infarctions/MI(227).jpg
assets/ecg/teste/infarto/MI(228).jpg,infarto,teste,227,227,RGB,3,JPEG,42132,sim,data/test/myocardial infarctions/MI(228).jpg
assets/ecg/teste/infarto/MI(229).jpg,infarto,teste,227,227,RGB,3,JPEG,41176,sim,data/test/myocardial infarctions/MI(229).jpg
assets/ecg/teste/infarto/MI(230).jpg,infarto,teste,227,227,RGB,3,JPEG,43288,sim,data/test/myocardial infarctions/MI(230).jpg
assets/ecg/teste/infarto/MI(231).jpg,infarto,teste,227,227,RGB,3,JPEG,42085,sim,data/test/myocardial infarctions/MI(231).jpg
assets/ecg/teste/infarto/MI(232).jpg,infarto,teste,227,227,RGB,3,JPEG,43215,sim,data/test/myocardial infarctions/MI(232).jpg
assets/ecg/teste/infarto/MI(233).jpg,infarto,teste,227,227,RGB,3,JPEG,41899,sim,data/test/myocardial infarctions/MI(233).jpg
assets/ecg/teste/infarto/MI(234).jpg,infarto,teste,227,227,RGB,3,JPEG,46928,sim,data/test/myocardial infarctions/MI(234).jpg
assets/ecg/teste/infarto/MI(235).jpg,infarto,teste,227,227,RGB,3,JPEG,40424,sim,data/test/myocardial infarctions/MI(235).jpg
assets/ecg/teste/infarto/MI(236).jpg,infarto,teste,227,227,RGB,3,JPEG,43244,sim,data/test/myocardial infarctions/MI(236).jpg
assets/ecg/teste/infarto/MI(237).jpg,infarto,teste,227,227,RGB,3,JPEG,42480,sim,data/test/myocardial infarctions/MI(237).jpg
assets/ecg/teste/infarto/MI(238).jpg,infarto,teste,227,227,RGB,3,JPEG,43159,sim,data/test/myocardial infarctions/MI(238).jpg
assets/ecg/teste/infarto/MI(239).jpg,infarto,teste,227,227,RGB,3,JPEG,40863,sim,data/test/myocardial infarctions/MI(239).jpg
assets/ecg/teste/infarto/MI(240).jpg,infarto,teste,227,227,RGB,3,JPEG,42507,sim,data/test/myocardial infarctions/MI(240).jpg
assets/ecg/teste/normal/Normal(210).jpg,normal,teste,227,227,RGB,3,JPEG,40312,sim,data/test/normal/Normal(210).jpg
assets/ecg/teste/normal/Normal(211).jpg,normal,teste,227,227,RGB,3,JPEG,40915,sim,data/test/normal/Normal(211).jpg
assets/ecg/teste/normal/Normal(212).jpg,normal,teste,227,227,RGB,3,JPEG,42082,sim,data/test/normal/Normal(212).jpg
assets/ecg/teste/normal/Normal(213).jpg,normal,teste,227,227,RGB,3,JPEG,42505,sim,data/test/normal/Normal(213).jpg
assets/ecg/teste/normal/Normal(214).jpg,normal,teste,227,227,RGB,3,JPEG,41629,sim,data/test/normal/Normal(214).jpg
assets/ecg/teste/normal/Normal(215).jpg,normal,teste,227,227,RGB,3,JPEG,41011,sim,data/test/normal/Normal(215).jpg
assets/ecg/teste/normal/Normal(216).jpg,normal,teste,227,227,RGB,3,JPEG,43083,sim,data/test/normal/Normal(216).jpg
assets/ecg/teste/normal/Normal(217).jpg,normal,teste,227,227,RGB,3,JPEG,40684,sim,data/test/normal/Normal(217).jpg
assets/ecg/teste/normal/Normal(218).jpg,normal,teste,227,227,RGB,3,JPEG,41818,sim,data/test/normal/Normal(218).jpg
assets/ecg/teste/normal/Normal(219).jpg,normal,teste,227,227,RGB,3,JPEG,40459,sim,data/test/normal/Normal(219).jpg
assets/ecg/teste/normal/Normal(220).jpg,normal,teste,227,227,RGB,3,JPEG,43742,sim,data/test/normal/Normal(220).jpg
assets/ecg/teste/normal/Normal(221).jpg,normal,teste,227,227,RGB,3,JPEG,41478,sim,data/test/normal/Normal(221).jpg
assets/ecg/teste/normal/Normal(222).jpg,normal,teste,227,227,RGB,3,JPEG,40983,sim,data/test/normal/Normal(222).jpg
assets/ecg/teste/normal/Normal(223).jpg,normal,teste,227,227,RGB,3,JPEG,40977,sim,data/test/normal/Normal(223).jpg
assets/ecg/teste/normal/Normal(224).jpg,normal,teste,227,227,RGB,3,JPEG,40827,sim,data/test/normal/Normal(224).jpg
assets/ecg/teste/normal/Normal(225).jpg,normal,teste,227,227,RGB,3,JPEG,42186,sim,data/test/normal/Normal(225).jpg
assets/ecg/teste/normal/Normal(226).jpg,normal,teste,227,227,RGB,3,JPEG,42209,sim,data/test/normal/Normal(226).jpg
assets/ecg/teste/normal/Normal(227).jpg,normal,teste,227,227,RGB,3,JPEG,42246,sim,data/test/normal/Normal(227).jpg
assets/ecg/teste/normal/Normal(228).jpg,normal,teste,227,227,RGB,3,JPEG,41108,sim,data/test/normal/Normal(228).jpg
assets/ecg/teste/normal/Normal(229).jpg,normal,teste,227,227,RGB,3,JPEG,42089,sim,data/test/normal/Normal(229).jpg
assets/ecg/teste/normal/Normal(230).jpg,normal,teste,227,227,RGB,3,JPEG,42351,sim,data/test/normal/Normal(230).jpg
assets/ecg/teste/normal/Normal(231).jpg,normal,teste,227,227,RGB,3,JPEG,41108,sim,data/test/normal/Normal(231).jpg
assets/ecg/teste/normal/Normal(232).jpg,normal,teste,227,227,RGB,3,JPEG,42804,sim,data/test/normal/Normal(232).jpg
assets/ecg/teste/normal/Normal(233).jpg,normal,teste,227,227,RGB,3,JPEG,42989,sim,data/test/normal/Normal(233).jpg
assets/ecg/teste/normal/Normal(234).jpg,normal,teste,227,227,RGB,3,JPEG,41541,sim,data/test/normal/Normal(234).jpg
assets/ecg/teste/normal/Normal(235).jpg,normal,teste,227,227,RGB,3,JPEG,41704,sim,data/test/normal/Normal(235).jpg
assets/ecg/teste/normal/Normal(236).jpg,normal,teste,227,227,RGB,3,JPEG,42317,sim,data/test/normal/Normal(236).jpg
assets/ecg/teste/normal/Normal(237).jpg,normal,teste,227,227,RGB,3,JPEG,41944,sim,data/test/normal/Normal(237).jpg
assets/ecg/teste/normal/Normal(238).jpg,normal,teste,227,227,RGB,3,JPEG,41893,sim,data/test/normal/Normal(238).jpg
assets/ecg/teste/normal/Normal(239).jpg,normal,teste,227,227,RGB,3,JPEG,41776,sim,data/test/normal/Normal(239).jpg
assets/ecg/teste/normal/Normal(240).jpg,normal,teste,227,227,RGB,3,JPEG,41761,sim,data/test/normal/Normal(240).jpg
assets/ecg/teste/normal/Normal(241).jpg,normal,teste,227,227,RGB,3,JPEG,42076,sim,data/test/normal/Normal(241).jpg
assets/ecg/teste/normal/Normal(242).jpg,normal,teste,227,227,RGB,3,JPEG,40852,sim,data/test/normal/Normal(242).jpg
assets/ecg/teste/normal/Normal(243).jpg,normal,teste,227,227,RGB,3,JPEG,40695,sim,data/test/normal/Normal(243).jpg
assets/ecg/teste/normal/Normal(244).jpg,normal,teste,227,227,RGB,3,JPEG,40797,sim,data/test/normal/Normal(244).jpg
assets/ecg/teste/normal/Normal(245).jpg,normal,teste,227,227,RGB,3,JPEG,41461,sim,data/test/normal/Normal(245).jpg
assets/ecg/teste/normal/Normal(246).jpg,normal,teste,227,227,RGB,3,JPEG,40569,sim,data/test/normal/Normal(246).jpg
assets/ecg/teste/normal/Normal(247).jpg,normal,teste,227,227,RGB,3,JPEG,42142,sim,data/test/normal/Normal(247).jpg
assets/ecg/teste/normal/Normal(248).jpg,normal,teste,227,227,RGB,3,JPEG,40913,sim,data/test/normal/Normal(248).jpg
assets/ecg/teste/normal/Normal(249).jpg,normal,teste,227,227,RGB,3,JPEG,41273,sim,data/test/normal/Normal(249).jpg
assets/ecg/teste/normal/Normal(250).jpg,normal,teste,227,227,RGB,3,JPEG,41651,sim,data/test/normal/Normal(250).jpg
assets/ecg/teste/normal/Normal(251).jpg,normal,teste,227,227,RGB,3,JPEG,41850,sim,data/test/normal/Normal(251).jpg
assets/ecg/teste/normal/Normal(252).jpg,normal,teste,227,227,RGB,3,JPEG,41386,sim,data/test/normal/Normal(252).jpg
assets/ecg/teste/normal/Normal(253).jpg,normal,teste,227,227,RGB,3,JPEG,42285,sim,data/test/normal/Normal(253).jpg
assets/ecg/teste/normal/Normal(254).jpg,normal,teste,227,227,RGB,3,JPEG,41102,sim,data/test/normal/Normal(254).jpg
assets/ecg/teste/normal/Normal(255).jpg,normal,teste,227,227,RGB,3,JPEG,42346,sim,data/test/normal/Normal(255).jpg
assets/ecg/teste/normal/Normal(256).jpg,normal,teste,227,227,RGB,3,JPEG,42478,sim,data/test/normal/Normal(256).jpg
assets/ecg/teste/normal/Normal(257).jpg,normal,teste,227,227,RGB,3,JPEG,40260,sim,data/test/normal/Normal(257).jpg
assets/ecg/teste/normal/Normal(258).jpg,normal,teste,227,227,RGB,3,JPEG,40707,sim,data/test/normal/Normal(258).jpg
assets/ecg/teste/normal/Normal(259).jpg,normal,teste,227,227,RGB,3,JPEG,43654,sim,data/test/normal/Normal(259).jpg
assets/ecg/teste/normal/Normal(260).jpg,normal,teste,227,227,RGB,3,JPEG,42316,sim,data/test/normal/Normal(260).jpg
assets/ecg/teste/normal/Normal(261).jpg,normal,teste,227,227,RGB,3,JPEG,41229,sim,data/test/normal/Normal(261).jpg
assets/ecg/teste/normal/Normal(262).jpg,normal,teste,227,227,RGB,3,JPEG,41706,sim,data/test/normal/Normal(262).jpg
assets/ecg/teste/normal/Normal(263).jpg,normal,teste,227,227,RGB,3,JPEG,41411,sim,data/test/normal/Normal(263).jpg
assets/ecg/teste/normal/Normal(264).jpg,normal,teste,227,227,RGB,3,JPEG,42152,sim,data/test/normal/Normal(264).jpg
assets/ecg/teste/normal/Normal(265).jpg,normal,teste,227,227,RGB,3,JPEG,41422,sim,data/test/normal/Normal(265).jpg
assets/ecg/teste/normal/Normal(266).jpg,normal,teste,227,227,RGB,3,JPEG,42507,sim,data/test/normal/Normal(266).jpg
assets/ecg/teste/normal/Normal(267).jpg,normal,teste,227,227,RGB,3,JPEG,41525,sim,data/test/normal/Normal(267).jpg
assets/ecg/teste/normal/Normal(268).jpg,normal,teste,227,227,RGB,3,JPEG,42454,sim,data/test/normal/Normal(268).jpg
assets/ecg/teste/normal/Normal(269).jpg,normal,teste,227,227,RGB,3,JPEG,41498,sim,data/test/normal/Normal(269).jpg
assets/ecg/teste/normal/Normal(270).jpg,normal,teste,227,227,RGB,3,JPEG,41456,sim,data/test/normal/Normal(270).jpg
assets/ecg/teste/normal/Normal(271).jpg,normal,teste,227,227,RGB,3,JPEG,42196,sim,data/test/normal/Normal(271).jpg
assets/ecg/teste/normal/Normal(272).jpg,normal,teste,227,227,RGB,3,JPEG,41611,sim,data/test/normal/Normal(272).jpg
assets/ecg/teste/normal/Normal(273).jpg,normal,teste,227,227,RGB,3,JPEG,40994,sim,data/test/normal/Normal(273).jpg
assets/ecg/teste/normal/Normal(274).jpg,normal,teste,227,227,RGB,3,JPEG,41833,sim,data/test/normal/Normal(274).jpg
assets/ecg/teste/normal/Normal(275).jpg,normal,teste,227,227,RGB,3,JPEG,41313,sim,data/test/normal/Normal(275).jpg
assets/ecg/teste/normal/Normal(276).jpg,normal,teste,227,227,RGB,3,JPEG,41833,sim,data/test/normal/Normal(276).jpg
assets/ecg/teste/normal/Normal(277).jpg,normal,teste,227,227,RGB,3,JPEG,42436,sim,data/test/normal/Normal(277).jpg
assets/ecg/teste/normal/Normal(278).jpg,normal,teste,227,227,RGB,3,JPEG,41518,sim,data/test/normal/Normal(278).jpg
assets/ecg/teste/normal/Normal(279).jpg,normal,teste,227,227,RGB,3,JPEG,41461,sim,data/test/normal/Normal(279).jpg
assets/ecg/teste/normal/Normal(280).jpg,normal,teste,227,227,RGB,3,JPEG,42272,sim,data/test/normal/Normal(280).jpg
assets/ecg/teste/normal/Normal(281).jpg,normal,teste,227,227,RGB,3,JPEG,40768,sim,data/test/normal/Normal(281).jpg
assets/ecg/teste/normal/Normal(282).jpg,normal,teste,227,227,RGB,3,JPEG,41227,sim,data/test/normal/Normal(282).jpg
assets/ecg/teste/normal/Normal(283).jpg,normal,teste,227,227,RGB,3,JPEG,42526,sim,data/test/normal/Normal(283).jpg
assets/ecg/teste/normal/Normal(284).jpg,normal,teste,227,227,RGB,3,JPEG,41079,sim,data/test/normal/Normal(284).jpg
assets/ecg/treino/infarto/MI(1).jpg,infarto,treino,227,227,RGB,3,JPEG,42568,sim,data/train/myocardial infarctions/MI(1).jpg
assets/ecg/treino/infarto/MI(10).jpg,infarto,treino,227,227,RGB,3,JPEG,40845,sim,data/train/myocardial infarctions/MI(10).jpg
assets/ecg/treino/infarto/MI(100).jpg,infarto,treino,227,227,RGB,3,JPEG,40845,sim,data/train/myocardial infarctions/MI(100).jpg
assets/ecg/treino/infarto/MI(101).jpg,infarto,treino,227,227,RGB,3,JPEG,41657,sim,data/train/myocardial infarctions/MI(101).jpg
assets/ecg/treino/infarto/MI(102).jpg,infarto,treino,227,227,RGB,3,JPEG,42291,sim,data/train/myocardial infarctions/MI(102).jpg
assets/ecg/treino/infarto/MI(103).jpg,infarto,treino,227,227,RGB,3,JPEG,41545,sim,data/train/myocardial infarctions/MI(103).jpg
assets/ecg/treino/infarto/MI(104).jpg,infarto,treino,227,227,RGB,3,JPEG,42729,sim,data/train/myocardial infarctions/MI(104).jpg
assets/ecg/treino/infarto/MI(105).jpg,infarto,treino,227,227,RGB,3,JPEG,42953,sim,data/train/myocardial infarctions/MI(105).jpg
assets/ecg/treino/infarto/MI(106).jpg,infarto,treino,227,227,RGB,3,JPEG,42419,sim,data/train/myocardial infarctions/MI(106).jpg
assets/ecg/treino/infarto/MI(107).jpg,infarto,treino,227,227,RGB,3,JPEG,42869,sim,data/train/myocardial infarctions/MI(107).jpg
assets/ecg/treino/infarto/MI(108).jpg,infarto,treino,227,227,RGB,3,JPEG,42132,sim,data/train/myocardial infarctions/MI(108).jpg
assets/ecg/treino/infarto/MI(109).jpg,infarto,treino,227,227,RGB,3,JPEG,41176,sim,data/train/myocardial infarctions/MI(109).jpg
assets/ecg/treino/infarto/MI(11).jpg,infarto,treino,227,227,RGB,3,JPEG,41657,sim,data/train/myocardial infarctions/MI(11).jpg
assets/ecg/treino/infarto/MI(110).jpg,infarto,treino,227,227,RGB,3,JPEG,43288,sim,data/train/myocardial infarctions/MI(110).jpg
assets/ecg/treino/infarto/MI(111).jpg,infarto,treino,227,227,RGB,3,JPEG,42085,sim,data/train/myocardial infarctions/MI(111).jpg
assets/ecg/treino/infarto/MI(112).jpg,infarto,treino,227,227,RGB,3,JPEG,43215,sim,data/train/myocardial infarctions/MI(112).jpg
assets/ecg/treino/infarto/MI(113).jpg,infarto,treino,227,227,RGB,3,JPEG,41899,sim,data/train/myocardial infarctions/MI(113).jpg
assets/ecg/treino/infarto/MI(114).jpg,infarto,treino,227,227,RGB,3,JPEG,46928,sim,data/train/myocardial infarctions/MI(114).jpg
assets/ecg/treino/infarto/MI(115).jpg,infarto,treino,227,227,RGB,3,JPEG,40424,sim,data/train/myocardial infarctions/MI(115).jpg
assets/ecg/treino/infarto/MI(116).jpg,infarto,treino,227,227,RGB,3,JPEG,43244,sim,data/train/myocardial infarctions/MI(116).jpg
assets/ecg/treino/infarto/MI(117).jpg,infarto,treino,227,227,RGB,3,JPEG,42480,sim,data/train/myocardial infarctions/MI(117).jpg
assets/ecg/treino/infarto/MI(118).jpg,infarto,treino,227,227,RGB,3,JPEG,43159,sim,data/train/myocardial infarctions/MI(118).jpg
assets/ecg/treino/infarto/MI(119).jpg,infarto,treino,227,227,RGB,3,JPEG,40863,sim,data/train/myocardial infarctions/MI(119).jpg
assets/ecg/treino/infarto/MI(12).jpg,infarto,treino,227,227,RGB,3,JPEG,42291,sim,data/train/myocardial infarctions/MI(12).jpg
assets/ecg/treino/infarto/MI(120).jpg,infarto,treino,227,227,RGB,3,JPEG,42507,sim,data/train/myocardial infarctions/MI(120).jpg
assets/ecg/treino/infarto/MI(121).jpg,infarto,treino,227,227,RGB,3,JPEG,42568,sim,data/train/myocardial infarctions/MI(121).jpg
assets/ecg/treino/infarto/MI(122).jpg,infarto,treino,227,227,RGB,3,JPEG,45586,sim,data/train/myocardial infarctions/MI(122).jpg
assets/ecg/treino/infarto/MI(123).jpg,infarto,treino,227,227,RGB,3,JPEG,41161,sim,data/train/myocardial infarctions/MI(123).jpg
assets/ecg/treino/infarto/MI(124).jpg,infarto,treino,227,227,RGB,3,JPEG,40867,sim,data/train/myocardial infarctions/MI(124).jpg
assets/ecg/treino/infarto/MI(125).jpg,infarto,treino,227,227,RGB,3,JPEG,39894,sim,data/train/myocardial infarctions/MI(125).jpg
assets/ecg/treino/infarto/MI(126).jpg,infarto,treino,227,227,RGB,3,JPEG,44442,sim,data/train/myocardial infarctions/MI(126).jpg
assets/ecg/treino/infarto/MI(127).jpg,infarto,treino,227,227,RGB,3,JPEG,42271,sim,data/train/myocardial infarctions/MI(127).jpg
assets/ecg/treino/infarto/MI(128).jpg,infarto,treino,227,227,RGB,3,JPEG,43474,sim,data/train/myocardial infarctions/MI(128).jpg
assets/ecg/treino/infarto/MI(129).jpg,infarto,treino,227,227,RGB,3,JPEG,43362,sim,data/train/myocardial infarctions/MI(129).jpg
assets/ecg/treino/infarto/MI(13).jpg,infarto,treino,227,227,RGB,3,JPEG,41545,sim,data/train/myocardial infarctions/MI(13).jpg
assets/ecg/treino/infarto/MI(130).jpg,infarto,treino,227,227,RGB,3,JPEG,40845,sim,data/train/myocardial infarctions/MI(130).jpg
assets/ecg/treino/infarto/MI(131).jpg,infarto,treino,227,227,RGB,3,JPEG,41657,sim,data/train/myocardial infarctions/MI(131).jpg
assets/ecg/treino/infarto/MI(132).jpg,infarto,treino,227,227,RGB,3,JPEG,42291,sim,data/train/myocardial infarctions/MI(132).jpg
assets/ecg/treino/infarto/MI(133).jpg,infarto,treino,227,227,RGB,3,JPEG,41545,sim,data/train/myocardial infarctions/MI(133).jpg
assets/ecg/treino/infarto/MI(134).jpg,infarto,treino,227,227,RGB,3,JPEG,42729,sim,data/train/myocardial infarctions/MI(134).jpg
assets/ecg/treino/infarto/MI(135).jpg,infarto,treino,227,227,RGB,3,JPEG,42953,sim,data/train/myocardial infarctions/MI(135).jpg
assets/ecg/treino/infarto/MI(136).jpg,infarto,treino,227,227,RGB,3,JPEG,42419,sim,data/train/myocardial infarctions/MI(136).jpg
assets/ecg/treino/infarto/MI(137).jpg,infarto,treino,227,227,RGB,3,JPEG,42869,sim,data/train/myocardial infarctions/MI(137).jpg
assets/ecg/treino/infarto/MI(138).jpg,infarto,treino,227,227,RGB,3,JPEG,42132,sim,data/train/myocardial infarctions/MI(138).jpg
assets/ecg/treino/infarto/MI(139).jpg,infarto,treino,227,227,RGB,3,JPEG,41176,sim,data/train/myocardial infarctions/MI(139).jpg
assets/ecg/treino/infarto/MI(14).jpg,infarto,treino,227,227,RGB,3,JPEG,42729,sim,data/train/myocardial infarctions/MI(14).jpg
assets/ecg/treino/infarto/MI(140).jpg,infarto,treino,227,227,RGB,3,JPEG,43288,sim,data/train/myocardial infarctions/MI(140).jpg
assets/ecg/treino/infarto/MI(141).jpg,infarto,treino,227,227,RGB,3,JPEG,42085,sim,data/train/myocardial infarctions/MI(141).jpg
assets/ecg/treino/infarto/MI(142).jpg,infarto,treino,227,227,RGB,3,JPEG,43215,sim,data/train/myocardial infarctions/MI(142).jpg
assets/ecg/treino/infarto/MI(143).jpg,infarto,treino,227,227,RGB,3,JPEG,41899,sim,data/train/myocardial infarctions/MI(143).jpg
assets/ecg/treino/infarto/MI(144).jpg,infarto,treino,227,227,RGB,3,JPEG,46928,sim,data/train/myocardial infarctions/MI(144).jpg
assets/ecg/treino/infarto/MI(145).jpg,infarto,treino,227,227,RGB,3,JPEG,40424,sim,data/train/myocardial infarctions/MI(145).jpg
assets/ecg/treino/infarto/MI(146).jpg,infarto,treino,227,227,RGB,3,JPEG,43244,sim,data/train/myocardial infarctions/MI(146).jpg
assets/ecg/treino/infarto/MI(147).jpg,infarto,treino,227,227,RGB,3,JPEG,42480,sim,data/train/myocardial infarctions/MI(147).jpg
assets/ecg/treino/infarto/MI(148).jpg,infarto,treino,227,227,RGB,3,JPEG,43159,sim,data/train/myocardial infarctions/MI(148).jpg
assets/ecg/treino/infarto/MI(149).jpg,infarto,treino,227,227,RGB,3,JPEG,40863,sim,data/train/myocardial infarctions/MI(149).jpg
assets/ecg/treino/infarto/MI(15).jpg,infarto,treino,227,227,RGB,3,JPEG,42953,sim,data/train/myocardial infarctions/MI(15).jpg
assets/ecg/treino/infarto/MI(150).jpg,infarto,treino,227,227,RGB,3,JPEG,42507,sim,data/train/myocardial infarctions/MI(150).jpg
assets/ecg/treino/infarto/MI(151).jpg,infarto,treino,227,227,RGB,3,JPEG,42568,sim,data/train/myocardial infarctions/MI(151).jpg
assets/ecg/treino/infarto/MI(152).jpg,infarto,treino,227,227,RGB,3,JPEG,45586,sim,data/train/myocardial infarctions/MI(152).jpg
assets/ecg/treino/infarto/MI(153).jpg,infarto,treino,227,227,RGB,3,JPEG,41161,sim,data/train/myocardial infarctions/MI(153).jpg
assets/ecg/treino/infarto/MI(154).jpg,infarto,treino,227,227,RGB,3,JPEG,40867,sim,data/train/myocardial infarctions/MI(154).jpg
assets/ecg/treino/infarto/MI(16).jpg,infarto,treino,227,227,RGB,3,JPEG,42419,sim,data/train/myocardial infarctions/MI(16).jpg
assets/ecg/treino/infarto/MI(17).jpg,infarto,treino,227,227,RGB,3,JPEG,42869,sim,data/train/myocardial infarctions/MI(17).jpg
assets/ecg/treino/infarto/MI(18).jpg,infarto,treino,227,227,RGB,3,JPEG,42132,sim,data/train/myocardial infarctions/MI(18).jpg
assets/ecg/treino/infarto/MI(19).jpg,infarto,treino,227,227,RGB,3,JPEG,41176,sim,data/train/myocardial infarctions/MI(19).jpg
assets/ecg/treino/infarto/MI(2).jpg,infarto,treino,227,227,RGB,3,JPEG,45586,sim,data/train/myocardial infarctions/MI(2).jpg
assets/ecg/treino/infarto/MI(20).jpg,infarto,treino,227,227,RGB,3,JPEG,43288,sim,data/train/myocardial infarctions/MI(20).jpg
assets/ecg/treino/infarto/MI(21).jpg,infarto,treino,227,227,RGB,3,JPEG,42085,sim,data/train/myocardial infarctions/MI(21).jpg
assets/ecg/treino/infarto/MI(22).jpg,infarto,treino,227,227,RGB,3,JPEG,43215,sim,data/train/myocardial infarctions/MI(22).jpg
assets/ecg/treino/infarto/MI(23).jpg,infarto,treino,227,227,RGB,3,JPEG,41899,sim,data/train/myocardial infarctions/MI(23).jpg
assets/ecg/treino/infarto/MI(24).jpg,infarto,treino,227,227,RGB,3,JPEG,46928,sim,data/train/myocardial infarctions/MI(24).jpg
assets/ecg/treino/infarto/MI(25).jpg,infarto,treino,227,227,RGB,3,JPEG,40424,sim,data/train/myocardial infarctions/MI(25).jpg
assets/ecg/treino/infarto/MI(26).jpg,infarto,treino,227,227,RGB,3,JPEG,43244,sim,data/train/myocardial infarctions/MI(26).jpg
assets/ecg/treino/infarto/MI(27).jpg,infarto,treino,227,227,RGB,3,JPEG,42480,sim,data/train/myocardial infarctions/MI(27).jpg
assets/ecg/treino/infarto/MI(28).jpg,infarto,treino,227,227,RGB,3,JPEG,43159,sim,data/train/myocardial infarctions/MI(28).jpg
assets/ecg/treino/infarto/MI(29).jpg,infarto,treino,227,227,RGB,3,JPEG,40863,sim,data/train/myocardial infarctions/MI(29).jpg
assets/ecg/treino/infarto/MI(3).jpg,infarto,treino,227,227,RGB,3,JPEG,41161,sim,data/train/myocardial infarctions/MI(3).jpg
assets/ecg/treino/infarto/MI(30).jpg,infarto,treino,227,227,RGB,3,JPEG,42507,sim,data/train/myocardial infarctions/MI(30).jpg
assets/ecg/treino/infarto/MI(31).jpg,infarto,treino,227,227,RGB,3,JPEG,42568,sim,data/train/myocardial infarctions/MI(31).jpg
assets/ecg/treino/infarto/MI(32).jpg,infarto,treino,227,227,RGB,3,JPEG,45586,sim,data/train/myocardial infarctions/MI(32).jpg
assets/ecg/treino/infarto/MI(33).jpg,infarto,treino,227,227,RGB,3,JPEG,41161,sim,data/train/myocardial infarctions/MI(33).jpg
assets/ecg/treino/infarto/MI(34).jpg,infarto,treino,227,227,RGB,3,JPEG,40867,sim,data/train/myocardial infarctions/MI(34).jpg
assets/ecg/treino/infarto/MI(35).jpg,infarto,treino,227,227,RGB,3,JPEG,39894,sim,data/train/myocardial infarctions/MI(35).jpg
assets/ecg/treino/infarto/MI(36).jpg,infarto,treino,227,227,RGB,3,JPEG,44442,sim,data/train/myocardial infarctions/MI(36).jpg
assets/ecg/treino/infarto/MI(37).jpg,infarto,treino,227,227,RGB,3,JPEG,42271,sim,data/train/myocardial infarctions/MI(37).jpg
assets/ecg/treino/infarto/MI(38).jpg,infarto,treino,227,227,RGB,3,JPEG,43474,sim,data/train/myocardial infarctions/MI(38).jpg
assets/ecg/treino/infarto/MI(39).jpg,infarto,treino,227,227,RGB,3,JPEG,43362,sim,data/train/myocardial infarctions/MI(39).jpg
assets/ecg/treino/infarto/MI(4).jpg,infarto,treino,227,227,RGB,3,JPEG,40867,sim,data/train/myocardial infarctions/MI(4).jpg
assets/ecg/treino/infarto/MI(40).jpg,infarto,treino,227,227,RGB,3,JPEG,40845,sim,data/train/myocardial infarctions/MI(40).jpg
assets/ecg/treino/infarto/MI(41).jpg,infarto,treino,227,227,RGB,3,JPEG,41657,sim,data/train/myocardial infarctions/MI(41).jpg
assets/ecg/treino/infarto/MI(42).jpg,infarto,treino,227,227,RGB,3,JPEG,42291,sim,data/train/myocardial infarctions/MI(42).jpg
assets/ecg/treino/infarto/MI(43).jpg,infarto,treino,227,227,RGB,3,JPEG,41545,sim,data/train/myocardial infarctions/MI(43).jpg
assets/ecg/treino/infarto/MI(44).jpg,infarto,treino,227,227,RGB,3,JPEG,42729,sim,data/train/myocardial infarctions/MI(44).jpg
assets/ecg/treino/infarto/MI(45).jpg,infarto,treino,227,227,RGB,3,JPEG,42953,sim,data/train/myocardial infarctions/MI(45).jpg
assets/ecg/treino/infarto/MI(46).jpg,infarto,treino,227,227,RGB,3,JPEG,42419,sim,data/train/myocardial infarctions/MI(46).jpg
assets/ecg/treino/infarto/MI(47).jpg,infarto,treino,227,227,RGB,3,JPEG,42869,sim,data/train/myocardial infarctions/MI(47).jpg
assets/ecg/treino/infarto/MI(48).jpg,infarto,treino,227,227,RGB,3,JPEG,42132,sim,data/train/myocardial infarctions/MI(48).jpg
assets/ecg/treino/infarto/MI(49).jpg,infarto,treino,227,227,RGB,3,JPEG,41176,sim,data/train/myocardial infarctions/MI(49).jpg
assets/ecg/treino/infarto/MI(5).jpg,infarto,treino,227,227,RGB,3,JPEG,39894,sim,data/train/myocardial infarctions/MI(5).jpg
assets/ecg/treino/infarto/MI(50).jpg,infarto,treino,227,227,RGB,3,JPEG,43288,sim,data/train/myocardial infarctions/MI(50).jpg
assets/ecg/treino/infarto/MI(51).jpg,infarto,treino,227,227,RGB,3,JPEG,42085,sim,data/train/myocardial infarctions/MI(51).jpg
assets/ecg/treino/infarto/MI(52).jpg,infarto,treino,227,227,RGB,3,JPEG,43215,sim,data/train/myocardial infarctions/MI(52).jpg
assets/ecg/treino/infarto/MI(53).jpg,infarto,treino,227,227,RGB,3,JPEG,41899,sim,data/train/myocardial infarctions/MI(53).jpg
assets/ecg/treino/infarto/MI(54).jpg,infarto,treino,227,227,RGB,3,JPEG,46928,sim,data/train/myocardial infarctions/MI(54).jpg
assets/ecg/treino/infarto/MI(55).jpg,infarto,treino,227,227,RGB,3,JPEG,40424,sim,data/train/myocardial infarctions/MI(55).jpg
assets/ecg/treino/infarto/MI(56).jpg,infarto,treino,227,227,RGB,3,JPEG,43244,sim,data/train/myocardial infarctions/MI(56).jpg
assets/ecg/treino/infarto/MI(57).jpg,infarto,treino,227,227,RGB,3,JPEG,42480,sim,data/train/myocardial infarctions/MI(57).jpg
assets/ecg/treino/infarto/MI(58).jpg,infarto,treino,227,227,RGB,3,JPEG,43159,sim,data/train/myocardial infarctions/MI(58).jpg
assets/ecg/treino/infarto/MI(59).jpg,infarto,treino,227,227,RGB,3,JPEG,40863,sim,data/train/myocardial infarctions/MI(59).jpg
assets/ecg/treino/infarto/MI(6).jpg,infarto,treino,227,227,RGB,3,JPEG,44442,sim,data/train/myocardial infarctions/MI(6).jpg
assets/ecg/treino/infarto/MI(60).jpg,infarto,treino,227,227,RGB,3,JPEG,42507,sim,data/train/myocardial infarctions/MI(60).jpg
assets/ecg/treino/infarto/MI(61).jpg,infarto,treino,227,227,RGB,3,JPEG,42568,sim,data/train/myocardial infarctions/MI(61).jpg
assets/ecg/treino/infarto/MI(62).jpg,infarto,treino,227,227,RGB,3,JPEG,45586,sim,data/train/myocardial infarctions/MI(62).jpg
assets/ecg/treino/infarto/MI(63).jpg,infarto,treino,227,227,RGB,3,JPEG,41161,sim,data/train/myocardial infarctions/MI(63).jpg
assets/ecg/treino/infarto/MI(64).jpg,infarto,treino,227,227,RGB,3,JPEG,40867,sim,data/train/myocardial infarctions/MI(64).jpg
assets/ecg/treino/infarto/MI(65).jpg,infarto,treino,227,227,RGB,3,JPEG,39894,sim,data/train/myocardial infarctions/MI(65).jpg
assets/ecg/treino/infarto/MI(66).jpg,infarto,treino,227,227,RGB,3,JPEG,44442,sim,data/train/myocardial infarctions/MI(66).jpg
assets/ecg/treino/infarto/MI(67).jpg,infarto,treino,227,227,RGB,3,JPEG,42271,sim,data/train/myocardial infarctions/MI(67).jpg
assets/ecg/treino/infarto/MI(68).jpg,infarto,treino,227,227,RGB,3,JPEG,43474,sim,data/train/myocardial infarctions/MI(68).jpg
assets/ecg/treino/infarto/MI(69).jpg,infarto,treino,227,227,RGB,3,JPEG,43362,sim,data/train/myocardial infarctions/MI(69).jpg
assets/ecg/treino/infarto/MI(7).jpg,infarto,treino,227,227,RGB,3,JPEG,42271,sim,data/train/myocardial infarctions/MI(7).jpg
assets/ecg/treino/infarto/MI(70).jpg,infarto,treino,227,227,RGB,3,JPEG,40845,sim,data/train/myocardial infarctions/MI(70).jpg
assets/ecg/treino/infarto/MI(71).jpg,infarto,treino,227,227,RGB,3,JPEG,41657,sim,data/train/myocardial infarctions/MI(71).jpg
assets/ecg/treino/infarto/MI(72).jpg,infarto,treino,227,227,RGB,3,JPEG,42291,sim,data/train/myocardial infarctions/MI(72).jpg
assets/ecg/treino/infarto/MI(73).jpg,infarto,treino,227,227,RGB,3,JPEG,41545,sim,data/train/myocardial infarctions/MI(73).jpg
assets/ecg/treino/infarto/MI(74).jpg,infarto,treino,227,227,RGB,3,JPEG,42729,sim,data/train/myocardial infarctions/MI(74).jpg
assets/ecg/treino/infarto/MI(75).jpg,infarto,treino,227,227,RGB,3,JPEG,42953,sim,data/train/myocardial infarctions/MI(75).jpg
assets/ecg/treino/infarto/MI(76).jpg,infarto,treino,227,227,RGB,3,JPEG,42419,sim,data/train/myocardial infarctions/MI(76).jpg
assets/ecg/treino/infarto/MI(77).jpg,infarto,treino,227,227,RGB,3,JPEG,42869,sim,data/train/myocardial infarctions/MI(77).jpg
assets/ecg/treino/infarto/MI(78).jpg,infarto,treino,227,227,RGB,3,JPEG,42132,sim,data/train/myocardial infarctions/MI(78).jpg
assets/ecg/treino/infarto/MI(79).jpg,infarto,treino,227,227,RGB,3,JPEG,41176,sim,data/train/myocardial infarctions/MI(79).jpg
assets/ecg/treino/infarto/MI(8).jpg,infarto,treino,227,227,RGB,3,JPEG,43474,sim,data/train/myocardial infarctions/MI(8).jpg
assets/ecg/treino/infarto/MI(80).jpg,infarto,treino,227,227,RGB,3,JPEG,43288,sim,data/train/myocardial infarctions/MI(80).jpg
assets/ecg/treino/infarto/MI(81).jpg,infarto,treino,227,227,RGB,3,JPEG,42085,sim,data/train/myocardial infarctions/MI(81).jpg
assets/ecg/treino/infarto/MI(82).jpg,infarto,treino,227,227,RGB,3,JPEG,43215,sim,data/train/myocardial infarctions/MI(82).jpg
assets/ecg/treino/infarto/MI(83).jpg,infarto,treino,227,227,RGB,3,JPEG,41899,sim,data/train/myocardial infarctions/MI(83).jpg
assets/ecg/treino/infarto/MI(84).jpg,infarto,treino,227,227,RGB,3,JPEG,46928,sim,data/train/myocardial infarctions/MI(84).jpg
assets/ecg/treino/infarto/MI(85).jpg,infarto,treino,227,227,RGB,3,JPEG,40424,sim,data/train/myocardial infarctions/MI(85).jpg
assets/ecg/treino/infarto/MI(86).jpg,infarto,treino,227,227,RGB,3,JPEG,43244,sim,data/train/myocardial infarctions/MI(86).jpg
assets/ecg/treino/infarto/MI(87).jpg,infarto,treino,227,227,RGB,3,JPEG,42480,sim,data/train/myocardial infarctions/MI(87).jpg
assets/ecg/treino/infarto/MI(88).jpg,infarto,treino,227,227,RGB,3,JPEG,43159,sim,data/train/myocardial infarctions/MI(88).jpg
assets/ecg/treino/infarto/MI(89).jpg,infarto,treino,227,227,RGB,3,JPEG,40863,sim,data/train/myocardial infarctions/MI(89).jpg
assets/ecg/treino/infarto/MI(9).jpg,infarto,treino,227,227,RGB,3,JPEG,43362,sim,data/train/myocardial infarctions/MI(9).jpg
assets/ecg/treino/infarto/MI(90).jpg,infarto,treino,227,227,RGB,3,JPEG,42507,sim,data/train/myocardial infarctions/MI(90).jpg
assets/ecg/treino/infarto/MI(91).jpg,infarto,treino,227,227,RGB,3,JPEG,42568,sim,data/train/myocardial infarctions/MI(91).jpg
assets/ecg/treino/infarto/MI(92).jpg,infarto,treino,227,227,RGB,3,JPEG,45586,sim,data/train/myocardial infarctions/MI(92).jpg
assets/ecg/treino/infarto/MI(93).jpg,infarto,treino,227,227,RGB,3,JPEG,41161,sim,data/train/myocardial infarctions/MI(93).jpg
assets/ecg/treino/infarto/MI(94).jpg,infarto,treino,227,227,RGB,3,JPEG,40867,sim,data/train/myocardial infarctions/MI(94).jpg
assets/ecg/treino/infarto/MI(95).jpg,infarto,treino,227,227,RGB,3,JPEG,39894,sim,data/train/myocardial infarctions/MI(95).jpg
assets/ecg/treino/infarto/MI(96).jpg,infarto,treino,227,227,RGB,3,JPEG,44442,sim,data/train/myocardial infarctions/MI(96).jpg
assets/ecg/treino/infarto/MI(97).jpg,infarto,treino,227,227,RGB,3,JPEG,42271,sim,data/train/myocardial infarctions/MI(97).jpg
assets/ecg/treino/infarto/MI(98).jpg,infarto,treino,227,227,RGB,3,JPEG,43474,sim,data/train/myocardial infarctions/MI(98).jpg
assets/ecg/treino/infarto/MI(99).jpg,infarto,treino,227,227,RGB,3,JPEG,43362,sim,data/train/myocardial infarctions/MI(99).jpg
assets/ecg/treino/normal/Normal(1).jpg,normal,treino,227,227,RGB,3,JPEG,42043,sim,data/train/normal/Normal(1).jpg
assets/ecg/treino/normal/Normal(10).jpg,normal,treino,227,227,RGB,3,JPEG,41385,sim,data/train/normal/Normal(10).jpg
assets/ecg/treino/normal/Normal(100).jpg,normal,treino,227,227,RGB,3,JPEG,40852,sim,data/train/normal/Normal(100).jpg
assets/ecg/treino/normal/Normal(101).jpg,normal,treino,227,227,RGB,3,JPEG,40695,sim,data/train/normal/Normal(101).jpg
assets/ecg/treino/normal/Normal(102).jpg,normal,treino,227,227,RGB,3,JPEG,40797,sim,data/train/normal/Normal(102).jpg
assets/ecg/treino/normal/Normal(103).jpg,normal,treino,227,227,RGB,3,JPEG,41461,sim,data/train/normal/Normal(103).jpg
assets/ecg/treino/normal/Normal(104).jpg,normal,treino,227,227,RGB,3,JPEG,40569,sim,data/train/normal/Normal(104).jpg
assets/ecg/treino/normal/Normal(105).jpg,normal,treino,227,227,RGB,3,JPEG,42142,sim,data/train/normal/Normal(105).jpg
assets/ecg/treino/normal/Normal(106).jpg,normal,treino,227,227,RGB,3,JPEG,40913,sim,data/train/normal/Normal(106).jpg
assets/ecg/treino/normal/Normal(107).jpg,normal,treino,227,227,RGB,3,JPEG,41273,sim,data/train/normal/Normal(107).jpg
assets/ecg/treino/normal/Normal(108).jpg,normal,treino,227,227,RGB,3,JPEG,41651,sim,data/train/normal/Normal(108).jpg
assets/ecg/treino/normal/Normal(109).jpg,normal,treino,227,227,RGB,3,JPEG,41850,sim,data/train/normal/Normal(109).jpg
assets/ecg/treino/normal/Normal(11).jpg,normal,treino,227,227,RGB,3,JPEG,40750,sim,data/train/normal/Normal(11).jpg
assets/ecg/treino/normal/Normal(110).jpg,normal,treino,227,227,RGB,3,JPEG,41386,sim,data/train/normal/Normal(110).jpg
assets/ecg/treino/normal/Normal(111).jpg,normal,treino,227,227,RGB,3,JPEG,42285,sim,data/train/normal/Normal(111).jpg
assets/ecg/treino/normal/Normal(112).jpg,normal,treino,227,227,RGB,3,JPEG,41102,sim,data/train/normal/Normal(112).jpg
assets/ecg/treino/normal/Normal(113).jpg,normal,treino,227,227,RGB,3,JPEG,42346,sim,data/train/normal/Normal(113).jpg
assets/ecg/treino/normal/Normal(114).jpg,normal,treino,227,227,RGB,3,JPEG,42478,sim,data/train/normal/Normal(114).jpg
assets/ecg/treino/normal/Normal(115).jpg,normal,treino,227,227,RGB,3,JPEG,40260,sim,data/train/normal/Normal(115).jpg
assets/ecg/treino/normal/Normal(116).jpg,normal,treino,227,227,RGB,3,JPEG,40707,sim,data/train/normal/Normal(116).jpg
assets/ecg/treino/normal/Normal(117).jpg,normal,treino,227,227,RGB,3,JPEG,43654,sim,data/train/normal/Normal(117).jpg
assets/ecg/treino/normal/Normal(118).jpg,normal,treino,227,227,RGB,3,JPEG,42316,sim,data/train/normal/Normal(118).jpg
assets/ecg/treino/normal/Normal(119).jpg,normal,treino,227,227,RGB,3,JPEG,41229,sim,data/train/normal/Normal(119).jpg
assets/ecg/treino/normal/Normal(12).jpg,normal,treino,227,227,RGB,3,JPEG,40911,sim,data/train/normal/Normal(12).jpg
assets/ecg/treino/normal/Normal(120).jpg,normal,treino,227,227,RGB,3,JPEG,41706,sim,data/train/normal/Normal(120).jpg
assets/ecg/treino/normal/Normal(121).jpg,normal,treino,227,227,RGB,3,JPEG,41411,sim,data/train/normal/Normal(121).jpg
assets/ecg/treino/normal/Normal(122).jpg,normal,treino,227,227,RGB,3,JPEG,42152,sim,data/train/normal/Normal(122).jpg
assets/ecg/treino/normal/Normal(123).jpg,normal,treino,227,227,RGB,3,JPEG,41422,sim,data/train/normal/Normal(123).jpg
assets/ecg/treino/normal/Normal(124).jpg,normal,treino,227,227,RGB,3,JPEG,42507,sim,data/train/normal/Normal(124).jpg
assets/ecg/treino/normal/Normal(125).jpg,normal,treino,227,227,RGB,3,JPEG,41525,sim,data/train/normal/Normal(125).jpg
assets/ecg/treino/normal/Normal(126).jpg,normal,treino,227,227,RGB,3,JPEG,42454,sim,data/train/normal/Normal(126).jpg
assets/ecg/treino/normal/Normal(127).jpg,normal,treino,227,227,RGB,3,JPEG,41498,sim,data/train/normal/Normal(127).jpg
assets/ecg/treino/normal/Normal(128).jpg,normal,treino,227,227,RGB,3,JPEG,41456,sim,data/train/normal/Normal(128).jpg
assets/ecg/treino/normal/Normal(129).jpg,normal,treino,227,227,RGB,3,JPEG,42196,sim,data/train/normal/Normal(129).jpg
assets/ecg/treino/normal/Normal(13).jpg,normal,treino,227,227,RGB,3,JPEG,40439,sim,data/train/normal/Normal(13).jpg
assets/ecg/treino/normal/Normal(130).jpg,normal,treino,227,227,RGB,3,JPEG,41611,sim,data/train/normal/Normal(130).jpg
assets/ecg/treino/normal/Normal(131).jpg,normal,treino,227,227,RGB,3,JPEG,40994,sim,data/train/normal/Normal(131).jpg
assets/ecg/treino/normal/Normal(132).jpg,normal,treino,227,227,RGB,3,JPEG,41833,sim,data/train/normal/Normal(132).jpg
assets/ecg/treino/normal/Normal(133).jpg,normal,treino,227,227,RGB,3,JPEG,41313,sim,data/train/normal/Normal(133).jpg
assets/ecg/treino/normal/Normal(134).jpg,normal,treino,227,227,RGB,3,JPEG,41833,sim,data/train/normal/Normal(134).jpg
assets/ecg/treino/normal/Normal(135).jpg,normal,treino,227,227,RGB,3,JPEG,42436,sim,data/train/normal/Normal(135).jpg
assets/ecg/treino/normal/Normal(136).jpg,normal,treino,227,227,RGB,3,JPEG,41518,sim,data/train/normal/Normal(136).jpg
assets/ecg/treino/normal/Normal(137).jpg,normal,treino,227,227,RGB,3,JPEG,41461,sim,data/train/normal/Normal(137).jpg
assets/ecg/treino/normal/Normal(138).jpg,normal,treino,227,227,RGB,3,JPEG,42272,sim,data/train/normal/Normal(138).jpg
assets/ecg/treino/normal/Normal(139).jpg,normal,treino,227,227,RGB,3,JPEG,40768,sim,data/train/normal/Normal(139).jpg
assets/ecg/treino/normal/Normal(14).jpg,normal,treino,227,227,RGB,3,JPEG,40752,sim,data/train/normal/Normal(14).jpg
assets/ecg/treino/normal/Normal(140).jpg,normal,treino,227,227,RGB,3,JPEG,41227,sim,data/train/normal/Normal(140).jpg
assets/ecg/treino/normal/Normal(141).jpg,normal,treino,227,227,RGB,3,JPEG,42526,sim,data/train/normal/Normal(141).jpg
assets/ecg/treino/normal/Normal(142).jpg,normal,treino,227,227,RGB,3,JPEG,41079,sim,data/train/normal/Normal(142).jpg
assets/ecg/treino/normal/Normal(143).jpg,normal,treino,227,227,RGB,3,JPEG,42043,sim,data/train/normal/Normal(143).jpg
assets/ecg/treino/normal/Normal(144).jpg,normal,treino,227,227,RGB,3,JPEG,40309,sim,data/train/normal/Normal(144).jpg
assets/ecg/treino/normal/Normal(145).jpg,normal,treino,227,227,RGB,3,JPEG,41427,sim,data/train/normal/Normal(145).jpg
assets/ecg/treino/normal/Normal(146).jpg,normal,treino,227,227,RGB,3,JPEG,40674,sim,data/train/normal/Normal(146).jpg
assets/ecg/treino/normal/Normal(147).jpg,normal,treino,227,227,RGB,3,JPEG,41782,sim,data/train/normal/Normal(147).jpg
assets/ecg/treino/normal/Normal(148).jpg,normal,treino,227,227,RGB,3,JPEG,40934,sim,data/train/normal/Normal(148).jpg
assets/ecg/treino/normal/Normal(149).jpg,normal,treino,227,227,RGB,3,JPEG,40950,sim,data/train/normal/Normal(149).jpg
assets/ecg/treino/normal/Normal(15).jpg,normal,treino,227,227,RGB,3,JPEG,41109,sim,data/train/normal/Normal(15).jpg
assets/ecg/treino/normal/Normal(150).jpg,normal,treino,227,227,RGB,3,JPEG,40206,sim,data/train/normal/Normal(150).jpg
assets/ecg/treino/normal/Normal(151).jpg,normal,treino,227,227,RGB,3,JPEG,40352,sim,data/train/normal/Normal(151).jpg
assets/ecg/treino/normal/Normal(152).jpg,normal,treino,227,227,RGB,3,JPEG,41385,sim,data/train/normal/Normal(152).jpg
assets/ecg/treino/normal/Normal(153).jpg,normal,treino,227,227,RGB,3,JPEG,40750,sim,data/train/normal/Normal(153).jpg
assets/ecg/treino/normal/Normal(154).jpg,normal,treino,227,227,RGB,3,JPEG,40911,sim,data/train/normal/Normal(154).jpg
assets/ecg/treino/normal/Normal(155).jpg,normal,treino,227,227,RGB,3,JPEG,40439,sim,data/train/normal/Normal(155).jpg
assets/ecg/treino/normal/Normal(156).jpg,normal,treino,227,227,RGB,3,JPEG,40752,sim,data/train/normal/Normal(156).jpg
assets/ecg/treino/normal/Normal(157).jpg,normal,treino,227,227,RGB,3,JPEG,41109,sim,data/train/normal/Normal(157).jpg
assets/ecg/treino/normal/Normal(158).jpg,normal,treino,227,227,RGB,3,JPEG,41646,sim,data/train/normal/Normal(158).jpg
assets/ecg/treino/normal/Normal(159).jpg,normal,treino,227,227,RGB,3,JPEG,41294,sim,data/train/normal/Normal(159).jpg
assets/ecg/treino/normal/Normal(16).jpg,normal,treino,227,227,RGB,3,JPEG,41646,sim,data/train/normal/Normal(16).jpg
assets/ecg/treino/normal/Normal(160).jpg,normal,treino,227,227,RGB,3,JPEG,41066,sim,data/train/normal/Normal(160).jpg
assets/ecg/treino/normal/Normal(161).jpg,normal,treino,227,227,RGB,3,JPEG,41948,sim,data/train/normal/Normal(161).jpg
assets/ecg/treino/normal/Normal(162).jpg,normal,treino,227,227,RGB,3,JPEG,43374,sim,data/train/normal/Normal(162).jpg
assets/ecg/treino/normal/Normal(163).jpg,normal,treino,227,227,RGB,3,JPEG,45062,sim,data/train/normal/Normal(163).jpg
assets/ecg/treino/normal/Normal(164).jpg,normal,treino,227,227,RGB,3,JPEG,42857,sim,data/train/normal/Normal(164).jpg
assets/ecg/treino/normal/Normal(165).jpg,normal,treino,227,227,RGB,3,JPEG,44223,sim,data/train/normal/Normal(165).jpg
assets/ecg/treino/normal/Normal(166).jpg,normal,treino,227,227,RGB,3,JPEG,44442,sim,data/train/normal/Normal(166).jpg
assets/ecg/treino/normal/Normal(167).jpg,normal,treino,227,227,RGB,3,JPEG,45013,sim,data/train/normal/Normal(167).jpg
assets/ecg/treino/normal/Normal(168).jpg,normal,treino,227,227,RGB,3,JPEG,43498,sim,data/train/normal/Normal(168).jpg
assets/ecg/treino/normal/Normal(169).jpg,normal,treino,227,227,RGB,3,JPEG,41626,sim,data/train/normal/Normal(169).jpg
assets/ecg/treino/normal/Normal(17).jpg,normal,treino,227,227,RGB,3,JPEG,41294,sim,data/train/normal/Normal(17).jpg
assets/ecg/treino/normal/Normal(170).jpg,normal,treino,227,227,RGB,3,JPEG,41652,sim,data/train/normal/Normal(170).jpg
assets/ecg/treino/normal/Normal(171).jpg,normal,treino,227,227,RGB,3,JPEG,42789,sim,data/train/normal/Normal(171).jpg
assets/ecg/treino/normal/Normal(172).jpg,normal,treino,227,227,RGB,3,JPEG,41305,sim,data/train/normal/Normal(172).jpg
assets/ecg/treino/normal/Normal(173).jpg,normal,treino,227,227,RGB,3,JPEG,41758,sim,data/train/normal/Normal(173).jpg
assets/ecg/treino/normal/Normal(174).jpg,normal,treino,227,227,RGB,3,JPEG,41196,sim,data/train/normal/Normal(174).jpg
assets/ecg/treino/normal/Normal(175).jpg,normal,treino,227,227,RGB,3,JPEG,41629,sim,data/train/normal/Normal(175).jpg
assets/ecg/treino/normal/Normal(176).jpg,normal,treino,227,227,RGB,3,JPEG,41067,sim,data/train/normal/Normal(176).jpg
assets/ecg/treino/normal/Normal(177).jpg,normal,treino,227,227,RGB,3,JPEG,41463,sim,data/train/normal/Normal(177).jpg
assets/ecg/treino/normal/Normal(178).jpg,normal,treino,227,227,RGB,3,JPEG,41372,sim,data/train/normal/Normal(178).jpg
assets/ecg/treino/normal/Normal(179).jpg,normal,treino,227,227,RGB,3,JPEG,41669,sim,data/train/normal/Normal(179).jpg
assets/ecg/treino/normal/Normal(18).jpg,normal,treino,227,227,RGB,3,JPEG,41066,sim,data/train/normal/Normal(18).jpg
assets/ecg/treino/normal/Normal(180).jpg,normal,treino,227,227,RGB,3,JPEG,41833,sim,data/train/normal/Normal(180).jpg
assets/ecg/treino/normal/Normal(181).jpg,normal,treino,227,227,RGB,3,JPEG,41847,sim,data/train/normal/Normal(181).jpg
assets/ecg/treino/normal/Normal(182).jpg,normal,treino,227,227,RGB,3,JPEG,42918,sim,data/train/normal/Normal(182).jpg
assets/ecg/treino/normal/Normal(183).jpg,normal,treino,227,227,RGB,3,JPEG,44320,sim,data/train/normal/Normal(183).jpg
assets/ecg/treino/normal/Normal(184).jpg,normal,treino,227,227,RGB,3,JPEG,43256,sim,data/train/normal/Normal(184).jpg
assets/ecg/treino/normal/Normal(185).jpg,normal,treino,227,227,RGB,3,JPEG,44028,sim,data/train/normal/Normal(185).jpg
assets/ecg/treino/normal/Normal(186).jpg,normal,treino,227,227,RGB,3,JPEG,43910,sim,data/train/normal/Normal(186).jpg
assets/ecg/treino/normal/Normal(187).jpg,normal,treino,227,227,RGB,3,JPEG,44417,sim,data/train/normal/Normal(187).jpg
assets/ecg/treino/normal/Normal(188).jpg,normal,treino,227,227,RGB,3,JPEG,44770,sim,data/train/normal/Normal(188).jpg
assets/ecg/treino/normal/Normal(189).jpg,normal,treino,227,227,RGB,3,JPEG,44044,sim,data/train/normal/Normal(189).jpg
assets/ecg/treino/normal/Normal(19).jpg,normal,treino,227,227,RGB,3,JPEG,41948,sim,data/train/normal/Normal(19).jpg
assets/ecg/treino/normal/Normal(190).jpg,normal,treino,227,227,RGB,3,JPEG,44341,sim,data/train/normal/Normal(190).jpg
assets/ecg/treino/normal/Normal(191).jpg,normal,treino,227,227,RGB,3,JPEG,44515,sim,data/train/normal/Normal(191).jpg
assets/ecg/treino/normal/Normal(192).jpg,normal,treino,227,227,RGB,3,JPEG,43599,sim,data/train/normal/Normal(192).jpg
assets/ecg/treino/normal/Normal(193).jpg,normal,treino,227,227,RGB,3,JPEG,44783,sim,data/train/normal/Normal(193).jpg
assets/ecg/treino/normal/Normal(194).jpg,normal,treino,227,227,RGB,3,JPEG,43915,sim,data/train/normal/Normal(194).jpg
assets/ecg/treino/normal/Normal(195).jpg,normal,treino,227,227,RGB,3,JPEG,42715,sim,data/train/normal/Normal(195).jpg
assets/ecg/treino/normal/Normal(196).jpg,normal,treino,227,227,RGB,3,JPEG,43979,sim,data/train/normal/Normal(196).jpg
assets/ecg/treino/normal/Normal(197).jpg,normal,treino,227,227,RGB,3,JPEG,42309,sim,data/train/normal/Normal(197).jpg
assets/ecg/treino/normal/Normal(198).jpg,normal,treino,227,227,RGB,3,JPEG,40713,sim,data/train/normal/Normal(198).jpg
assets/ecg/treino/normal/Normal(199).jpg,normal,treino,227,227,RGB,3,JPEG,41759,sim,data/train/normal/Normal(199).jpg
assets/ecg/treino/normal/Normal(2).jpg,normal,treino,227,227,RGB,3,JPEG,40309,sim,data/train/normal/Normal(2).jpg
assets/ecg/treino/normal/Normal(20).jpg,normal,treino,227,227,RGB,3,JPEG,43374,sim,data/train/normal/Normal(20).jpg
assets/ecg/treino/normal/Normal(200).jpg,normal,treino,227,227,RGB,3,JPEG,42198,sim,data/train/normal/Normal(200).jpg
assets/ecg/treino/normal/Normal(201).jpg,normal,treino,227,227,RGB,3,JPEG,41933,sim,data/train/normal/Normal(201).jpg
assets/ecg/treino/normal/Normal(202).jpg,normal,treino,227,227,RGB,3,JPEG,41513,sim,data/train/normal/Normal(202).jpg
assets/ecg/treino/normal/Normal(203).jpg,normal,treino,227,227,RGB,3,JPEG,42078,sim,data/train/normal/Normal(203).jpg
assets/ecg/treino/normal/Normal(204).jpg,normal,treino,227,227,RGB,3,JPEG,40602,sim,data/train/normal/Normal(204).jpg
assets/ecg/treino/normal/Normal(205).jpg,normal,treino,227,227,RGB,3,JPEG,41744,sim,data/train/normal/Normal(205).jpg
assets/ecg/treino/normal/Normal(206).jpg,normal,treino,227,227,RGB,3,JPEG,41617,sim,data/train/normal/Normal(206).jpg
assets/ecg/treino/normal/Normal(207).jpg,normal,treino,227,227,RGB,3,JPEG,42348,sim,data/train/normal/Normal(207).jpg
assets/ecg/treino/normal/Normal(208).jpg,normal,treino,227,227,RGB,3,JPEG,41096,sim,data/train/normal/Normal(208).jpg
assets/ecg/treino/normal/Normal(209).jpg,normal,treino,227,227,RGB,3,JPEG,42316,sim,data/train/normal/Normal(209).jpg
assets/ecg/treino/normal/Normal(21).jpg,normal,treino,227,227,RGB,3,JPEG,45062,sim,data/train/normal/Normal(21).jpg
assets/ecg/treino/normal/Normal(22).jpg,normal,treino,227,227,RGB,3,JPEG,42857,sim,data/train/normal/Normal(22).jpg
assets/ecg/treino/normal/Normal(23).jpg,normal,treino,227,227,RGB,3,JPEG,44223,sim,data/train/normal/Normal(23).jpg
assets/ecg/treino/normal/Normal(24).jpg,normal,treino,227,227,RGB,3,JPEG,44442,sim,data/train/normal/Normal(24).jpg
assets/ecg/treino/normal/Normal(25).jpg,normal,treino,227,227,RGB,3,JPEG,45013,sim,data/train/normal/Normal(25).jpg
assets/ecg/treino/normal/Normal(26).jpg,normal,treino,227,227,RGB,3,JPEG,43498,sim,data/train/normal/Normal(26).jpg
assets/ecg/treino/normal/Normal(27).jpg,normal,treino,227,227,RGB,3,JPEG,41626,sim,data/train/normal/Normal(27).jpg
assets/ecg/treino/normal/Normal(28).jpg,normal,treino,227,227,RGB,3,JPEG,41652,sim,data/train/normal/Normal(28).jpg
assets/ecg/treino/normal/Normal(29).jpg,normal,treino,227,227,RGB,3,JPEG,42789,sim,data/train/normal/Normal(29).jpg
assets/ecg/treino/normal/Normal(3).jpg,normal,treino,227,227,RGB,3,JPEG,41427,sim,data/train/normal/Normal(3).jpg
assets/ecg/treino/normal/Normal(30).jpg,normal,treino,227,227,RGB,3,JPEG,41305,sim,data/train/normal/Normal(30).jpg
assets/ecg/treino/normal/Normal(31).jpg,normal,treino,227,227,RGB,3,JPEG,41758,sim,data/train/normal/Normal(31).jpg
assets/ecg/treino/normal/Normal(32).jpg,normal,treino,227,227,RGB,3,JPEG,41196,sim,data/train/normal/Normal(32).jpg
assets/ecg/treino/normal/Normal(33).jpg,normal,treino,227,227,RGB,3,JPEG,41629,sim,data/train/normal/Normal(33).jpg
assets/ecg/treino/normal/Normal(34).jpg,normal,treino,227,227,RGB,3,JPEG,41067,sim,data/train/normal/Normal(34).jpg
assets/ecg/treino/normal/Normal(35).jpg,normal,treino,227,227,RGB,3,JPEG,41463,sim,data/train/normal/Normal(35).jpg
assets/ecg/treino/normal/Normal(36).jpg,normal,treino,227,227,RGB,3,JPEG,41372,sim,data/train/normal/Normal(36).jpg
assets/ecg/treino/normal/Normal(37).jpg,normal,treino,227,227,RGB,3,JPEG,41669,sim,data/train/normal/Normal(37).jpg
assets/ecg/treino/normal/Normal(38).jpg,normal,treino,227,227,RGB,3,JPEG,41833,sim,data/train/normal/Normal(38).jpg
assets/ecg/treino/normal/Normal(39).jpg,normal,treino,227,227,RGB,3,JPEG,41847,sim,data/train/normal/Normal(39).jpg
assets/ecg/treino/normal/Normal(4).jpg,normal,treino,227,227,RGB,3,JPEG,40674,sim,data/train/normal/Normal(4).jpg
assets/ecg/treino/normal/Normal(40).jpg,normal,treino,227,227,RGB,3,JPEG,42918,sim,data/train/normal/Normal(40).jpg
assets/ecg/treino/normal/Normal(41).jpg,normal,treino,227,227,RGB,3,JPEG,44320,sim,data/train/normal/Normal(41).jpg
assets/ecg/treino/normal/Normal(42).jpg,normal,treino,227,227,RGB,3,JPEG,43256,sim,data/train/normal/Normal(42).jpg
assets/ecg/treino/normal/Normal(43).jpg,normal,treino,227,227,RGB,3,JPEG,44028,sim,data/train/normal/Normal(43).jpg
assets/ecg/treino/normal/Normal(44).jpg,normal,treino,227,227,RGB,3,JPEG,43910,sim,data/train/normal/Normal(44).jpg
assets/ecg/treino/normal/Normal(45).jpg,normal,treino,227,227,RGB,3,JPEG,44417,sim,data/train/normal/Normal(45).jpg
assets/ecg/treino/normal/Normal(46).jpg,normal,treino,227,227,RGB,3,JPEG,44770,sim,data/train/normal/Normal(46).jpg
assets/ecg/treino/normal/Normal(47).jpg,normal,treino,227,227,RGB,3,JPEG,44044,sim,data/train/normal/Normal(47).jpg
assets/ecg/treino/normal/Normal(48).jpg,normal,treino,227,227,RGB,3,JPEG,44341,sim,data/train/normal/Normal(48).jpg
assets/ecg/treino/normal/Normal(49).jpg,normal,treino,227,227,RGB,3,JPEG,44515,sim,data/train/normal/Normal(49).jpg
assets/ecg/treino/normal/Normal(5).jpg,normal,treino,227,227,RGB,3,JPEG,41782,sim,data/train/normal/Normal(5).jpg
assets/ecg/treino/normal/Normal(50).jpg,normal,treino,227,227,RGB,3,JPEG,43599,sim,data/train/normal/Normal(50).jpg
assets/ecg/treino/normal/Normal(51).jpg,normal,treino,227,227,RGB,3,JPEG,44783,sim,data/train/normal/Normal(51).jpg
assets/ecg/treino/normal/Normal(52).jpg,normal,treino,227,227,RGB,3,JPEG,43915,sim,data/train/normal/Normal(52).jpg
assets/ecg/treino/normal/Normal(53).jpg,normal,treino,227,227,RGB,3,JPEG,42715,sim,data/train/normal/Normal(53).jpg
assets/ecg/treino/normal/Normal(54).jpg,normal,treino,227,227,RGB,3,JPEG,43979,sim,data/train/normal/Normal(54).jpg
assets/ecg/treino/normal/Normal(55).jpg,normal,treino,227,227,RGB,3,JPEG,42309,sim,data/train/normal/Normal(55).jpg
assets/ecg/treino/normal/Normal(56).jpg,normal,treino,227,227,RGB,3,JPEG,40713,sim,data/train/normal/Normal(56).jpg
assets/ecg/treino/normal/Normal(57).jpg,normal,treino,227,227,RGB,3,JPEG,41759,sim,data/train/normal/Normal(57).jpg
assets/ecg/treino/normal/Normal(58).jpg,normal,treino,227,227,RGB,3,JPEG,42198,sim,data/train/normal/Normal(58).jpg
assets/ecg/treino/normal/Normal(59).jpg,normal,treino,227,227,RGB,3,JPEG,41933,sim,data/train/normal/Normal(59).jpg
assets/ecg/treino/normal/Normal(6).jpg,normal,treino,227,227,RGB,3,JPEG,40934,sim,data/train/normal/Normal(6).jpg
assets/ecg/treino/normal/Normal(60).jpg,normal,treino,227,227,RGB,3,JPEG,41513,sim,data/train/normal/Normal(60).jpg
assets/ecg/treino/normal/Normal(61).jpg,normal,treino,227,227,RGB,3,JPEG,42078,sim,data/train/normal/Normal(61).jpg
assets/ecg/treino/normal/Normal(62).jpg,normal,treino,227,227,RGB,3,JPEG,40602,sim,data/train/normal/Normal(62).jpg
assets/ecg/treino/normal/Normal(63).jpg,normal,treino,227,227,RGB,3,JPEG,41744,sim,data/train/normal/Normal(63).jpg
assets/ecg/treino/normal/Normal(64).jpg,normal,treino,227,227,RGB,3,JPEG,41617,sim,data/train/normal/Normal(64).jpg
assets/ecg/treino/normal/Normal(65).jpg,normal,treino,227,227,RGB,3,JPEG,42348,sim,data/train/normal/Normal(65).jpg
assets/ecg/treino/normal/Normal(66).jpg,normal,treino,227,227,RGB,3,JPEG,41096,sim,data/train/normal/Normal(66).jpg
assets/ecg/treino/normal/Normal(67).jpg,normal,treino,227,227,RGB,3,JPEG,42316,sim,data/train/normal/Normal(67).jpg
assets/ecg/treino/normal/Normal(68).jpg,normal,treino,227,227,RGB,3,JPEG,40312,sim,data/train/normal/Normal(68).jpg
assets/ecg/treino/normal/Normal(69).jpg,normal,treino,227,227,RGB,3,JPEG,40915,sim,data/train/normal/Normal(69).jpg
assets/ecg/treino/normal/Normal(7).jpg,normal,treino,227,227,RGB,3,JPEG,40950,sim,data/train/normal/Normal(7).jpg
assets/ecg/treino/normal/Normal(70).jpg,normal,treino,227,227,RGB,3,JPEG,42082,sim,data/train/normal/Normal(70).jpg
assets/ecg/treino/normal/Normal(71).jpg,normal,treino,227,227,RGB,3,JPEG,42505,sim,data/train/normal/Normal(71).jpg
assets/ecg/treino/normal/Normal(72).jpg,normal,treino,227,227,RGB,3,JPEG,41629,sim,data/train/normal/Normal(72).jpg
assets/ecg/treino/normal/Normal(73).jpg,normal,treino,227,227,RGB,3,JPEG,41011,sim,data/train/normal/Normal(73).jpg
assets/ecg/treino/normal/Normal(74).jpg,normal,treino,227,227,RGB,3,JPEG,43083,sim,data/train/normal/Normal(74).jpg
assets/ecg/treino/normal/Normal(75).jpg,normal,treino,227,227,RGB,3,JPEG,40684,sim,data/train/normal/Normal(75).jpg
assets/ecg/treino/normal/Normal(76).jpg,normal,treino,227,227,RGB,3,JPEG,41818,sim,data/train/normal/Normal(76).jpg
assets/ecg/treino/normal/Normal(77).jpg,normal,treino,227,227,RGB,3,JPEG,40459,sim,data/train/normal/Normal(77).jpg
assets/ecg/treino/normal/Normal(78).jpg,normal,treino,227,227,RGB,3,JPEG,43742,sim,data/train/normal/Normal(78).jpg
assets/ecg/treino/normal/Normal(79).jpg,normal,treino,227,227,RGB,3,JPEG,41478,sim,data/train/normal/Normal(79).jpg
assets/ecg/treino/normal/Normal(8).jpg,normal,treino,227,227,RGB,3,JPEG,40206,sim,data/train/normal/Normal(8).jpg
assets/ecg/treino/normal/Normal(80).jpg,normal,treino,227,227,RGB,3,JPEG,40983,sim,data/train/normal/Normal(80).jpg
assets/ecg/treino/normal/Normal(81).jpg,normal,treino,227,227,RGB,3,JPEG,40977,sim,data/train/normal/Normal(81).jpg
assets/ecg/treino/normal/Normal(82).jpg,normal,treino,227,227,RGB,3,JPEG,40827,sim,data/train/normal/Normal(82).jpg
assets/ecg/treino/normal/Normal(83).jpg,normal,treino,227,227,RGB,3,JPEG,42186,sim,data/train/normal/Normal(83).jpg
assets/ecg/treino/normal/Normal(84).jpg,normal,treino,227,227,RGB,3,JPEG,42209,sim,data/train/normal/Normal(84).jpg
assets/ecg/treino/normal/Normal(85).jpg,normal,treino,227,227,RGB,3,JPEG,42246,sim,data/train/normal/Normal(85).jpg
assets/ecg/treino/normal/Normal(86).jpg,normal,treino,227,227,RGB,3,JPEG,41108,sim,data/train/normal/Normal(86).jpg
assets/ecg/treino/normal/Normal(87).jpg,normal,treino,227,227,RGB,3,JPEG,42089,sim,data/train/normal/Normal(87).jpg
assets/ecg/treino/normal/Normal(88).jpg,normal,treino,227,227,RGB,3,JPEG,42351,sim,data/train/normal/Normal(88).jpg
assets/ecg/treino/normal/Normal(89).jpg,normal,treino,227,227,RGB,3,JPEG,41108,sim,data/train/normal/Normal(89).jpg
assets/ecg/treino/normal/Normal(9).jpg,normal,treino,227,227,RGB,3,JPEG,40352,sim,data/train/normal/Normal(9).jpg
assets/ecg/treino/normal/Normal(90).jpg,normal,treino,227,227,RGB,3,JPEG,42804,sim,data/train/normal/Normal(90).jpg
assets/ecg/treino/normal/Normal(91).jpg,normal,treino,227,227,RGB,3,JPEG,42989,sim,data/train/normal/Normal(91).jpg
assets/ecg/treino/normal/Normal(92).jpg,normal,treino,227,227,RGB,3,JPEG,41541,sim,data/train/normal/Normal(92).jpg
assets/ecg/treino/normal/Normal(93).jpg,normal,treino,227,227,RGB,3,JPEG,41704,sim,data/train/normal/Normal(93).jpg
assets/ecg/treino/normal/Normal(94).jpg,normal,treino,227,227,RGB,3,JPEG,42317,sim,data/train/normal/Normal(94).jpg
assets/ecg/treino/normal/Normal(95).jpg,normal,treino,227,227,RGB,3,JPEG,41944,sim,data/train/normal/Normal(95).jpg
assets/ecg/treino/normal/Normal(96).jpg,normal,treino,227,227,RGB,3,JPEG,41893,sim,data/train/normal/Normal(96).jpg
assets/ecg/treino/normal/Normal(97).jpg,normal,treino,227,227,RGB,3,JPEG,41776,sim,data/train/normal/Normal(97).jpg
assets/ecg/treino/normal/Normal(98).jpg,normal,treino,227,227,RGB,3,JPEG,41761,sim,data/train/normal/Normal(98).jpg
assets/ecg/treino/normal/Normal(99).jpg,normal,treino,227,227,RGB,3,JPEG,42076,sim,data/train/normal/Normal(99).jpg
